Column,Category,Frequency,Percentage,Cumulative_Percentage
Division Name,General,13850,58.97,58.97
Division Name,General Petite,8120,34.57,93.53999999999999
Division Name,Initmates,1502,6.4,99.94
Division Name,Unknown,14,0.06,100.0
Department Name,Tops,10468,44.57,44.57
Department Name,Dresses,6319,26.91,71.48
Department Name,Bottoms,3799,16.18,87.66
Department Name,Intimate,1735,7.39,95.05
Department Name,Jackets,1032,4.39,99.44
Department Name,Trend,119,0.51,99.95
Department Name,Unknown,14,0.06,100.01
Class Name,Dresses,6319,26.91,26.91
Class Name,Knits,4843,20.62,47.53
Class Name,Blouses,3097,13.19,60.72
Class Name,Sweaters,1428,6.08,66.8
Class Name,Pants,1388,5.91,72.71
Class Name,Jeans,1147,4.88,77.59
Class Name,Fine gauge,1100,4.68,82.27
Class Name,Skirts,945,4.02,86.29
Class Name,Jackets,704,3.0,89.29
Class Name,Lounge,691,2.94,92.23
Class Name,Swim,350,1.49,93.72
Class Name,Outerwear,328,1.4,95.12
Class Name,Shorts,317,1.35,96.47
Class Name,Sleep,228,0.97,97.44
Class Name,Legwear,165,0.7,98.14
Class Name,Intimates,154,0.66,98.8
Class Name,Layering,146,0.62,99.42
Class Name,Trend,119,0.51,99.93
Class Name,Unknown,14,0.06,99.99
Class Name,Casual bottoms,2,0.01,100.0
Class Name,Chemises,1,0.0,100.0
Rating,5,13131,55.91,55.91
Rating,4,5077,21.62,77.53
Rating,3,2871,12.22,89.75
Rating,2,1565,6.66,96.41
Rating,1,842,3.59,100.0
Recommended IND,1,19314,82.24,82.24
Recommended IND,0,4172,17.76,100.0
Clothing ID,1078,1024,4.36,4.36
Clothing ID,862,806,3.43,7.79
Clothing ID,1094,756,3.22,11.01
Clothing ID,1081,582,2.48,13.49
Clothing ID,872,545,2.32,15.81
Clothing ID,829,527,2.24,18.05
Clothing ID,1110,480,2.04,20.09
Clothing ID,868,430,1.83,21.92
Clothing ID,895,404,1.72,23.64
Clothing ID,936,358,1.52,25.16
Clothing ID,867,351,1.49,26.65
Clothing ID,850,338,1.44,28.09
Clothing ID,1095,327,1.39,29.48
Clothing ID,863,306,1.3,30.78
Clothing ID,1077,297,1.26,32.04
Clothing ID,1059,294,1.25,33.29
Clothing ID,1086,291,1.24,34.53
Clothing ID,1080,289,1.23,35.76
Clothing ID,860,288,1.23,36.99
Clothing ID,1083,249,1.06,38.05
Clothing ID,861,244,1.04,39.09
Clothing ID,873,238,1.01,40.1
Clothing ID,828,225,0.96,41.06
Clothing ID,1033,220,0.94,42.0
Clothing ID,1092,220,0.94,42.94
Clothing ID,927,214,0.91,43.85
Clothing ID,1056,213,0.91,44.76
Clothing ID,820,211,0.9,45.66
Clothing ID,836,205,0.87,46.53
Clothing ID,1022,205,0.87,47.4
Clothing ID,1072,197,0.84,48.24
Clothing ID,1008,186,0.79,49.03
Clothing ID,1104,185,0.79,49.82
Clothing ID,984,175,0.75,50.57
Clothing ID,831,164,0.7,51.27
Clothing ID,1020,158,0.67,51.94
Clothing ID,833,157,0.67,52.61
Clothing ID,877,154,0.66,53.27
Clothing ID,854,152,0.65,53.92
Clothing ID,834,150,0.64,54.56
Clothing ID,1082,147,0.63,55.19
Clothing ID,864,145,0.62,55.81
Clothing ID,835,141,0.6,56.41
Clothing ID,1099,136,0.58,56.99
Clothing ID,1035,135,0.57,57.56
Clothing ID,865,134,0.57,58.13
Clothing ID,907,130,0.55,58.68
Clothing ID,940,130,0.55,59.23
Clothing ID,1087,129,0.55,59.78
Clothing ID,1025,125,0.53,60.31
Clothing ID,909,122,0.52,60.83
Clothing ID,866,121,0.52,61.35
Clothing ID,975,116,0.49,61.84
Clothing ID,875,115,0.49,62.33
Clothing ID,1068,114,0.49,62.82
Clothing ID,830,112,0.48,63.3
Clothing ID,1037,106,0.45,63.75
Clothing ID,886,106,0.45,64.2
Clothing ID,823,105,0.45,64.65
Clothing ID,1060,103,0.44,65.09
Clothing ID,824,96,0.41,65.5
Clothing ID,825,93,0.4,65.9
Clothing ID,1089,92,0.39,66.29
Clothing ID,903,91,0.39,66.68
Clothing ID,1066,89,0.38,67.06
Clothing ID,1009,89,0.38,67.44
Clothing ID,996,88,0.37,67.81
Clothing ID,876,88,0.37,68.18
Clothing ID,1098,86,0.37,68.55
Clothing ID,1028,83,0.35,68.9
Clothing ID,941,83,0.35,69.25
Clothing ID,939,83,0.35,69.6
Clothing ID,949,79,0.34,69.94
Clothing ID,1096,78,0.33,70.27
Clothing ID,964,77,0.33,70.6
Clothing ID,1047,77,0.33,70.93
Clothing ID,1030,72,0.31,71.24
Clothing ID,1084,72,0.31,71.55
Clothing ID,857,71,0.3,71.85
Clothing ID,945,70,0.3,72.15
Clothing ID,883,70,0.3,72.45
Clothing ID,1075,69,0.29,72.74
Clothing ID,1038,69,0.29,73.03
Clothing ID,881,68,0.29,73.32
Clothing ID,1079,63,0.27,73.59
Clothing ID,933,63,0.27,73.86
Clothing ID,819,61,0.26,74.12
Clothing ID,840,59,0.25,74.37
Clothing ID,1111,58,0.25,74.62
Clothing ID,993,58,0.25,74.87
Clothing ID,1091,58,0.25,75.12
Clothing ID,1100,56,0.24,75.36
Clothing ID,871,54,0.23,75.59
Clothing ID,879,54,0.23,75.82
Clothing ID,815,53,0.23,76.05
Clothing ID,870,53,0.23,76.28
Clothing ID,818,53,0.23,76.51
Clothing ID,844,50,0.21,76.72
Clothing ID,869,50,0.21,76.93
Clothing ID,974,50,0.21,77.14
Clothing ID,839,48,0.2,77.34
Clothing ID,1121,48,0.2,77.54
Clothing ID,878,47,0.2,77.74
Clothing ID,985,47,0.2,77.94
Clothing ID,937,47,0.2,78.14
Clothing ID,1076,46,0.2,78.34
Clothing ID,1070,46,0.2,78.54
Clothing ID,1074,45,0.19,78.73
Clothing ID,1001,43,0.18,78.91
Clothing ID,965,43,0.18,79.09
Clothing ID,1126,42,0.18,79.27
Clothing ID,1044,42,0.18,79.45
Clothing ID,1053,41,0.17,79.62
Clothing ID,880,41,0.17,79.79
Clothing ID,912,40,0.17,79.96
Clothing ID,952,39,0.17,80.13
Clothing ID,838,37,0.16,80.29
Clothing ID,1051,37,0.16,80.45
Clothing ID,1052,37,0.16,80.61
Clothing ID,999,37,0.16,80.77
Clothing ID,906,37,0.16,80.93
Clothing ID,822,36,0.15,81.08
Clothing ID,1103,36,0.15,81.23
Clothing ID,995,36,0.15,81.38
Clothing ID,942,36,0.15,81.53
Clothing ID,169,36,0.15,81.68
Clothing ID,1024,35,0.15,81.83
Clothing ID,1116,35,0.15,81.98
Clothing ID,282,35,0.15,82.13
Clothing ID,899,33,0.14,82.27
Clothing ID,1054,33,0.14,82.41
Clothing ID,1049,32,0.14,82.55
Clothing ID,986,32,0.14,82.69
Clothing ID,921,31,0.13,82.82
Clothing ID,826,31,0.13,82.95
Clothing ID,1123,30,0.13,83.08
Clothing ID,1093,30,0.13,83.21
Clothing ID,1088,30,0.13,83.34
Clothing ID,520,30,0.13,83.47
Clothing ID,916,29,0.12,83.59
Clothing ID,898,28,0.12,83.71
Clothing ID,1085,28,0.12,83.83
Clothing ID,1107,27,0.11,83.94
Clothing ID,1125,26,0.11,84.05
Clothing ID,855,26,0.11,84.16
Clothing ID,960,26,0.11,84.27
Clothing ID,841,25,0.11,84.38
Clothing ID,1055,25,0.11,84.49
Clothing ID,1004,25,0.11,84.6
Clothing ID,1117,25,0.11,84.71
Clothing ID,1046,24,0.1,84.81
Clothing ID,1016,24,0.1,84.91
Clothing ID,966,23,0.1,85.01
Clothing ID,1115,23,0.1,85.11
Clothing ID,967,23,0.1,85.21
Clothing ID,1042,23,0.1,85.31
Clothing ID,896,23,0.1,85.41
Clothing ID,1003,22,0.09,85.5
Clothing ID,938,22,0.09,85.59
Clothing ID,1150,22,0.09,85.68
Clothing ID,858,21,0.09,85.77
Clothing ID,1026,21,0.09,85.86
Clothing ID,992,21,0.09,85.95
Clothing ID,817,21,0.09,86.04
Clothing ID,1011,20,0.09,86.13
Clothing ID,832,20,0.09,86.22
Clothing ID,1027,20,0.09,86.31
Clothing ID,929,20,0.09,86.4
Clothing ID,1131,19,0.08,86.48
Clothing ID,1050,19,0.08,86.56
Clothing ID,375,19,0.08,86.64
Clothing ID,859,18,0.08,86.72
Clothing ID,902,18,0.08,86.8
Clothing ID,1036,18,0.08,86.88
Clothing ID,918,18,0.08,86.96
Clothing ID,774,18,0.08,87.04
Clothing ID,1122,17,0.07,87.11
Clothing ID,1048,17,0.07,87.18
Clothing ID,194,17,0.07,87.25
Clothing ID,1065,16,0.07,87.32
Clothing ID,1097,16,0.07,87.39
Clothing ID,944,16,0.07,87.46
Clothing ID,663,16,0.07,87.53
Clothing ID,900,15,0.06,87.59
Clothing ID,460,15,0.06,87.65
Clothing ID,1109,15,0.06,87.71
Clothing ID,260,15,0.06,87.77
Clothing ID,300,15,0.06,87.83
Clothing ID,674,15,0.06,87.89
Clothing ID,905,15,0.06,87.95
Clothing ID,1061,15,0.06,88.01
Clothing ID,316,15,0.06,88.07
Clothing ID,1015,14,0.06,88.13
Clothing ID,988,14,0.06,88.19
Clothing ID,917,14,0.06,88.25
Clothing ID,90,14,0.06,88.31
Clothing ID,1002,13,0.06,88.37
Clothing ID,634,13,0.06,88.43
Clothing ID,947,13,0.06,88.49
Clothing ID,1021,13,0.06,88.55
Clothing ID,155,13,0.06,88.61
Clothing ID,251,13,0.06,88.67
Clothing ID,719,13,0.06,88.73
Clothing ID,621,13,0.06,88.79
Clothing ID,382,13,0.06,88.85
Clothing ID,364,13,0.06,88.91
Clothing ID,252,12,0.05,88.96
Clothing ID,943,12,0.05,89.01
Clothing ID,417,12,0.05,89.06
Clothing ID,278,12,0.05,89.11
Clothing ID,935,11,0.05,89.16
Clothing ID,843,11,0.05,89.21
Clothing ID,950,11,0.05,89.26
Clothing ID,1135,11,0.05,89.31
Clothing ID,1151,11,0.05,89.36
Clothing ID,622,11,0.05,89.41
Clothing ID,897,11,0.05,89.46
Clothing ID,482,11,0.05,89.51
Clothing ID,229,11,0.05,89.56
Clothing ID,884,11,0.05,89.61
Clothing ID,1203,11,0.05,89.66
Clothing ID,1133,10,0.04,89.7
Clothing ID,948,10,0.04,89.74
Clothing ID,1146,10,0.04,89.78
Clothing ID,573,10,0.04,89.82
Clothing ID,1147,10,0.04,89.86
Clothing ID,904,10,0.04,89.9
Clothing ID,842,10,0.04,89.94
Clothing ID,641,10,0.04,89.98
Clothing ID,254,10,0.04,90.02
Clothing ID,901,10,0.04,90.06
Clothing ID,332,10,0.04,90.1
Clothing ID,479,10,0.04,90.14
Clothing ID,923,9,0.04,90.18
Clothing ID,154,9,0.04,90.22
Clothing ID,1145,9,0.04,90.26
Clothing ID,946,9,0.04,90.3
Clothing ID,977,9,0.04,90.34
Clothing ID,994,9,0.04,90.38
Clothing ID,1134,9,0.04,90.42
Clothing ID,129,9,0.04,90.46
Clothing ID,997,9,0.04,90.5
Clothing ID,1031,9,0.04,90.54
Clothing ID,932,9,0.04,90.58
Clothing ID,257,9,0.04,90.62
Clothing ID,381,9,0.04,90.66
Clothing ID,1202,9,0.04,90.7
Clothing ID,926,9,0.04,90.74
Clothing ID,1039,9,0.04,90.78
Clothing ID,1062,9,0.04,90.82
Clothing ID,602,9,0.04,90.86
Clothing ID,215,9,0.04,90.9
Clothing ID,611,9,0.04,90.94
Clothing ID,1112,9,0.04,90.98
Clothing ID,882,9,0.04,91.02
Clothing ID,395,9,0.04,91.06
Clothing ID,193,9,0.04,91.1
Clothing ID,123,9,0.04,91.14
Clothing ID,290,9,0.04,91.18
Clothing ID,837,8,0.03,91.21
Clothing ID,1013,8,0.03,91.24
Clothing ID,930,8,0.03,91.27
Clothing ID,827,8,0.03,91.3
Clothing ID,890,8,0.03,91.33
Clothing ID,931,8,0.03,91.36
Clothing ID,107,8,0.03,91.39
Clothing ID,1005,8,0.03,91.42
Clothing ID,1119,8,0.03,91.45
Clothing ID,715,8,0.03,91.48
Clothing ID,816,8,0.03,91.51
Clothing ID,998,8,0.03,91.54
Clothing ID,172,8,0.03,91.57
Clothing ID,377,8,0.03,91.6
Clothing ID,528,8,0.03,91.63
Clothing ID,240,8,0.03,91.66
Clothing ID,24,8,0.03,91.69
Clothing ID,514,8,0.03,91.72
Clothing ID,166,8,0.03,91.75
Clothing ID,190,8,0.03,91.78
Clothing ID,969,7,0.03,91.81
Clothing ID,481,7,0.03,91.84
Clothing ID,380,7,0.03,91.87
Clothing ID,636,7,0.03,91.9
Clothing ID,1063,7,0.03,91.93
Clothing ID,954,7,0.03,91.96
Clothing ID,928,7,0.03,91.99
Clothing ID,662,7,0.03,92.02
Clothing ID,956,7,0.03,92.05
Clothing ID,920,7,0.03,92.08
Clothing ID,279,7,0.03,92.11
Clothing ID,961,7,0.03,92.14
Clothing ID,990,7,0.03,92.17
Clothing ID,619,7,0.03,92.2
Clothing ID,1045,7,0.03,92.23
Clothing ID,167,7,0.03,92.26
Clothing ID,378,7,0.03,92.29
Clothing ID,8,7,0.03,92.32
Clothing ID,350,7,0.03,92.35
Clothing ID,576,7,0.03,92.38
Clothing ID,717,7,0.03,92.41
Clothing ID,357,7,0.03,92.44
Clothing ID,262,7,0.03,92.47
Clothing ID,853,6,0.03,92.5
Clothing ID,845,6,0.03,92.53
Clothing ID,127,6,0.03,92.56
Clothing ID,1010,6,0.03,92.59
Clothing ID,411,6,0.03,92.62
Clothing ID,225,6,0.03,92.65
Clothing ID,1102,6,0.03,92.68
Clothing ID,959,6,0.03,92.71
Clothing ID,121,6,0.03,92.74
Clothing ID,144,6,0.03,92.77
Clothing ID,678,6,0.03,92.8
Clothing ID,676,6,0.03,92.83
Clothing ID,294,6,0.03,92.86
Clothing ID,116,6,0.03,92.89
Clothing ID,968,6,0.03,92.92
Clothing ID,472,6,0.03,92.95
Clothing ID,991,6,0.03,92.98
Clothing ID,498,6,0.03,93.01
Clothing ID,667,6,0.03,93.04
Clothing ID,983,6,0.03,93.07
Clothing ID,128,6,0.03,93.1
Clothing ID,394,6,0.03,93.13
Clothing ID,249,6,0.03,93.16
Clothing ID,981,6,0.03,93.19
Clothing ID,391,6,0.03,93.22
Clothing ID,298,6,0.03,93.25
Clothing ID,745,5,0.02,93.27
Clothing ID,1140,5,0.02,93.29
Clothing ID,777,5,0.02,93.31
Clothing ID,720,5,0.02,93.33
Clothing ID,970,5,0.02,93.35
Clothing ID,132,5,0.02,93.37
Clothing ID,176,5,0.02,93.39
Clothing ID,374,5,0.02,93.41
Clothing ID,506,5,0.02,93.43
Clothing ID,1006,5,0.02,93.45
Clothing ID,463,5,0.02,93.47
Clothing ID,1101,5,0.02,93.49
Clothing ID,891,5,0.02,93.51
Clothing ID,170,5,0.02,93.53
Clothing ID,150,5,0.02,93.55
Clothing ID,124,5,0.02,93.57
Clothing ID,635,5,0.02,93.59
Clothing ID,1118,5,0.02,93.61
Clothing ID,971,5,0.02,93.63
Clothing ID,583,5,0.02,93.65
Clothing ID,131,5,0.02,93.67
Clothing ID,333,5,0.02,93.69
Clothing ID,196,5,0.02,93.71
Clothing ID,509,5,0.02,93.73
Clothing ID,569,5,0.02,93.75
Clothing ID,1108,5,0.02,93.77
Clothing ID,980,5,0.02,93.79
Clothing ID,1153,5,0.02,93.81
Clothing ID,343,5,0.02,93.83
Clothing ID,1129,5,0.02,93.85
Clothing ID,713,5,0.02,93.87
Clothing ID,642,5,0.02,93.89
Clothing ID,577,5,0.02,93.91
Clothing ID,256,5,0.02,93.93
Clothing ID,142,5,0.02,93.95
Clothing ID,821,5,0.02,93.97
Clothing ID,623,5,0.02,93.99
Clothing ID,616,5,0.02,94.01
Clothing ID,504,5,0.02,94.03
Clothing ID,1106,5,0.02,94.05
Clothing ID,383,5,0.02,94.07
Clothing ID,893,5,0.02,94.09
Clothing ID,242,5,0.02,94.11
Clothing ID,1193,5,0.02,94.13
Clothing ID,455,5,0.02,94.15
Clothing ID,847,4,0.02,94.17
Clothing ID,910,4,0.02,94.19
Clothing ID,647,4,0.02,94.21
Clothing ID,1018,4,0.02,94.23
Clothing ID,117,4,0.02,94.25
Clothing ID,1137,4,0.02,94.27
Clothing ID,979,4,0.02,94.29
Clothing ID,888,4,0.02,94.31
Clothing ID,911,4,0.02,94.33
Clothing ID,146,4,0.02,94.35
Clothing ID,302,4,0.02,94.37
Clothing ID,505,4,0.02,94.39
Clothing ID,422,4,0.02,94.41
Clothing ID,135,4,0.02,94.43
Clothing ID,908,4,0.02,94.45
Clothing ID,1114,4,0.02,94.47
Clothing ID,963,4,0.02,94.49
Clothing ID,1142,4,0.02,94.51
Clothing ID,705,4,0.02,94.53
Clothing ID,360,4,0.02,94.55
Clothing ID,295,4,0.02,94.57
Clothing ID,336,4,0.02,94.59
Clothing ID,552,4,0.02,94.61
Clothing ID,255,4,0.02,94.63
Clothing ID,688,4,0.02,94.65
Clothing ID,934,4,0.02,94.67
Clothing ID,183,4,0.02,94.69
Clothing ID,478,4,0.02,94.71
Clothing ID,406,4,0.02,94.73
Clothing ID,177,4,0.02,94.75
Clothing ID,243,4,0.02,94.77
Clothing ID,283,4,0.02,94.79
Clothing ID,61,4,0.02,94.81
Clothing ID,588,4,0.02,94.83
Clothing ID,147,4,0.02,94.85
Clothing ID,592,4,0.02,94.87
Clothing ID,456,4,0.02,94.89
Clothing ID,558,4,0.02,94.91
Clothing ID,501,4,0.02,94.93
Clothing ID,287,4,0.02,94.95
Clothing ID,301,4,0.02,94.97
Clothing ID,733,4,0.02,94.99
Clothing ID,661,4,0.02,95.01
Clothing ID,1192,4,0.02,95.03
Clothing ID,420,4,0.02,95.05
Clothing ID,757,4,0.02,95.07
Clothing ID,139,4,0.02,95.09
Clothing ID,109,4,0.02,95.11
Clothing ID,579,4,0.02,95.13
Clothing ID,145,4,0.02,95.15
Clothing ID,37,4,0.02,95.17
Clothing ID,226,4,0.02,95.19
Clothing ID,419,4,0.02,95.21
Clothing ID,617,4,0.02,95.23
Clothing ID,607,4,0.02,95.25
Clothing ID,440,4,0.02,95.27
Clothing ID,1034,4,0.02,95.29
Clothing ID,453,4,0.02,95.31
Clothing ID,1141,4,0.02,95.33
Clothing ID,706,4,0.02,95.35
Clothing ID,228,4,0.02,95.37
Clothing ID,408,4,0.02,95.39
Clothing ID,451,4,0.02,95.41
Clothing ID,335,4,0.02,95.43
Clothing ID,1167,4,0.02,95.45
Clothing ID,368,3,0.01,95.46
Clothing ID,442,3,0.01,95.47
Clothing ID,1197,3,0.01,95.48
Clothing ID,807,3,0.01,95.49
Clothing ID,248,3,0.01,95.5
Clothing ID,851,3,0.01,95.51
Clothing ID,652,3,0.01,95.52
Clothing ID,547,3,0.01,95.53
Clothing ID,782,3,0.01,95.54
Clothing ID,327,3,0.01,95.55
Clothing ID,363,3,0.01,95.56
Clothing ID,562,3,0.01,95.57
Clothing ID,404,3,0.01,95.58
Clothing ID,462,3,0.01,95.59
Clothing ID,35,3,0.01,95.6
Clothing ID,392,3,0.01,95.61
Clothing ID,976,3,0.01,95.62
Clothing ID,1000,3,0.01,95.63
Clothing ID,292,3,0.01,95.64
Clothing ID,739,3,0.01,95.65
Clothing ID,511,3,0.01,95.66
Clothing ID,645,3,0.01,95.67
Clothing ID,874,3,0.01,95.68
Clothing ID,439,3,0.01,95.69
Clothing ID,396,3,0.01,95.7
Clothing ID,435,3,0.01,95.71
Clothing ID,134,3,0.01,95.72
Clothing ID,205,3,0.01,95.73
Clothing ID,510,3,0.01,95.74
Clothing ID,407,3,0.01,95.75
Clothing ID,1189,3,0.01,95.76
Clothing ID,38,3,0.01,95.77
Clothing ID,133,3,0.01,95.78
Clothing ID,1148,3,0.01,95.79
Clothing ID,741,3,0.01,95.8
Clothing ID,376,3,0.01,95.81
Clothing ID,626,3,0.01,95.82
Clothing ID,148,3,0.01,95.83
Clothing ID,574,3,0.01,95.84
Clothing ID,157,3,0.01,95.85
Clothing ID,315,3,0.01,95.86
Clothing ID,437,3,0.01,95.87
Clothing ID,119,3,0.01,95.88
Clothing ID,693,3,0.01,95.89
Clothing ID,1138,3,0.01,95.9
Clothing ID,370,3,0.01,95.91
Clothing ID,253,3,0.01,95.92
Clothing ID,492,3,0.01,95.93
Clothing ID,281,3,0.01,95.94
Clothing ID,180,3,0.01,95.95
Clothing ID,606,3,0.01,95.96
Clothing ID,761,3,0.01,95.97
Clothing ID,848,3,0.01,95.98
Clothing ID,480,3,0.01,95.99
Clothing ID,40,3,0.01,96.0
Clothing ID,644,3,0.01,96.01
Clothing ID,187,3,0.01,96.02
Clothing ID,390,3,0.01,96.03
Clothing ID,152,3,0.01,96.04
Clothing ID,1181,3,0.01,96.05
Clothing ID,331,3,0.01,96.06
Clothing ID,919,3,0.01,96.07
Clothing ID,293,3,0.01,96.08
Clothing ID,595,3,0.01,96.09
Clothing ID,1132,3,0.01,96.1
Clothing ID,604,3,0.01,96.11
Clothing ID,586,3,0.01,96.12
Clothing ID,42,3,0.01,96.13
Clothing ID,326,3,0.01,96.14
Clothing ID,1149,3,0.01,96.15
Clothing ID,542,3,0.01,96.16
Clothing ID,1190,3,0.01,96.17
Clothing ID,780,3,0.01,96.18
Clothing ID,535,3,0.01,96.19
Clothing ID,237,3,0.01,96.2
Clothing ID,307,3,0.01,96.21
Clothing ID,46,3,0.01,96.22
Clothing ID,508,3,0.01,96.23
Clothing ID,614,3,0.01,96.24
Clothing ID,666,3,0.01,96.25
Clothing ID,314,3,0.01,96.26
Clothing ID,529,3,0.01,96.27
Clothing ID,539,3,0.01,96.28
Clothing ID,567,3,0.01,96.29
Clothing ID,296,3,0.01,96.3
Clothing ID,291,3,0.01,96.31
Clothing ID,1,3,0.01,96.32
Clothing ID,136,3,0.01,96.33
Clothing ID,749,3,0.01,96.34
Clothing ID,630,3,0.01,96.35
Clothing ID,767,2,0.01,96.36
Clothing ID,1120,2,0.01,96.37
Clothing ID,697,2,0.01,96.38
Clothing ID,684,2,0.01,96.39
Clothing ID,670,2,0.01,96.4
Clothing ID,149,2,0.01,96.41
Clothing ID,620,2,0.01,96.42
Clothing ID,1165,2,0.01,96.43
Clothing ID,245,2,0.01,96.44
Clothing ID,805,2,0.01,96.45
Clothing ID,1154,2,0.01,96.46
Clothing ID,59,2,0.01,96.47
Clothing ID,235,2,0.01,96.48
Clothing ID,1204,2,0.01,96.49
Clothing ID,424,2,0.01,96.5
Clothing ID,1201,2,0.01,96.51
Clothing ID,115,2,0.01,96.52
Clothing ID,914,2,0.01,96.53
Clothing ID,164,2,0.01,96.54
Clothing ID,418,2,0.01,96.55
Clothing ID,1173,2,0.01,96.56
Clothing ID,341,2,0.01,96.57
Clothing ID,753,2,0.01,96.58
Clothing ID,598,2,0.01,96.59
Clothing ID,649,2,0.01,96.6
Clothing ID,52,2,0.01,96.61
Clothing ID,1128,2,0.01,96.62
Clothing ID,486,2,0.01,96.63
Clothing ID,1090,2,0.01,96.64
Clothing ID,543,2,0.01,96.65
Clothing ID,433,2,0.01,96.66
Clothing ID,1195,2,0.01,96.67
Clothing ID,232,2,0.01,96.68
Clothing ID,1064,2,0.01,96.69
Clothing ID,889,2,0.01,96.7
Clothing ID,624,2,0.01,96.71
Clothing ID,495,2,0.01,96.72
Clothing ID,801,2,0.01,96.73
Clothing ID,1187,2,0.01,96.74
Clothing ID,1014,2,0.01,96.75
Clothing ID,306,2,0.01,96.76
Clothing ID,334,2,0.01,96.77
Clothing ID,978,2,0.01,96.78
Clothing ID,1058,2,0.01,96.79
Clothing ID,1139,2,0.01,96.8
Clothing ID,609,2,0.01,96.81
Clothing ID,494,2,0.01,96.82
Clothing ID,593,2,0.01,96.83
Clothing ID,385,2,0.01,96.84
Clothing ID,1144,2,0.01,96.85
Clothing ID,973,2,0.01,96.86
Clothing ID,1184,2,0.01,96.87
Clothing ID,122,2,0.01,96.88
Clothing ID,191,2,0.01,96.89
Clothing ID,68,2,0.01,96.9
Clothing ID,1041,2,0.01,96.91
Clothing ID,800,2,0.01,96.92
Clothing ID,1177,2,0.01,96.93
Clothing ID,502,2,0.01,96.94
Clothing ID,549,2,0.01,96.95
Clothing ID,189,2,0.01,96.96
Clothing ID,516,2,0.01,96.97
Clothing ID,365,2,0.01,96.98
Clothing ID,397,2,0.01,96.99
Clothing ID,1174,2,0.01,97.0
Clothing ID,1019,2,0.01,97.01
Clothing ID,846,2,0.01,97.02
Clothing ID,951,2,0.01,97.03
Clothing ID,760,2,0.01,97.04
Clothing ID,265,2,0.01,97.05
Clothing ID,318,2,0.01,97.06
Clothing ID,885,2,0.01,97.07
Clothing ID,162,2,0.01,97.08
Clothing ID,794,2,0.01,97.09
Clothing ID,1171,2,0.01,97.1
Clothing ID,632,2,0.01,97.11
Clothing ID,1067,2,0.01,97.12
Clothing ID,125,2,0.01,97.13
Clothing ID,664,2,0.01,97.14
Clothing ID,403,2,0.01,97.15
Clothing ID,731,2,0.01,97.16
Clothing ID,572,2,0.01,97.17
Clothing ID,518,2,0.01,97.18
Clothing ID,695,2,0.01,97.19
Clothing ID,473,2,0.01,97.2
Clothing ID,804,2,0.01,97.21
Clothing ID,563,2,0.01,97.22
Clothing ID,112,2,0.01,97.23
Clothing ID,1012,2,0.01,97.24
Clothing ID,267,2,0.01,97.25
Clothing ID,605,2,0.01,97.26
Clothing ID,752,2,0.01,97.27
Clothing ID,1057,2,0.01,97.28
Clothing ID,555,2,0.01,97.29
Clothing ID,625,2,0.01,97.3
Clothing ID,444,2,0.01,97.31
Clothing ID,736,2,0.01,97.32
Clothing ID,710,2,0.01,97.33
Clothing ID,803,2,0.01,97.34
Clothing ID,811,2,0.01,97.35
Clothing ID,1124,2,0.01,97.36
Clothing ID,806,2,0.01,97.37
Clothing ID,93,2,0.01,97.38
Clothing ID,534,2,0.01,97.39
Clothing ID,402,2,0.01,97.4
Clothing ID,1073,2,0.01,97.41
Clothing ID,677,2,0.01,97.42
Clothing ID,441,2,0.01,97.43
Clothing ID,82,2,0.01,97.44
Clothing ID,220,2,0.01,97.45
Clothing ID,362,2,0.01,97.46
Clothing ID,737,2,0.01,97.47
Clothing ID,513,2,0.01,97.48
Clothing ID,763,2,0.01,97.49
Clothing ID,268,2,0.01,97.5
Clothing ID,584,2,0.01,97.51
Clothing ID,729,2,0.01,97.52
Clothing ID,571,2,0.01,97.53
Clothing ID,447,2,0.01,97.54
Clothing ID,223,2,0.01,97.55
Clothing ID,1205,2,0.01,97.56
Clothing ID,446,2,0.01,97.57
Clothing ID,524,2,0.01,97.58
Clothing ID,551,2,0.01,97.59
Clothing ID,696,2,0.01,97.6
Clothing ID,389,2,0.01,97.61
Clothing ID,320,2,0.01,97.62
Clothing ID,450,2,0.01,97.63
Clothing ID,66,2,0.01,97.64
Clothing ID,650,2,0.01,97.65
Clothing ID,1007,2,0.01,97.66
Clothing ID,361,2,0.01,97.67
Clothing ID,231,2,0.01,97.68
Clothing ID,892,2,0.01,97.69
Clothing ID,809,2,0.01,97.7
Clothing ID,184,2,0.01,97.71
Clothing ID,163,2,0.01,97.72
Clothing ID,755,2,0.01,97.73
Clothing ID,550,2,0.01,97.74
Clothing ID,156,2,0.01,97.75
Clothing ID,188,2,0.01,97.76
Clothing ID,202,2,0.01,97.77
Clothing ID,452,2,0.01,97.78
Clothing ID,39,2,0.01,97.79
Clothing ID,1071,2,0.01,97.8
Clothing ID,770,2,0.01,97.81
Clothing ID,1198,2,0.01,97.82
Clothing ID,533,2,0.01,97.83
Clothing ID,490,2,0.01,97.84
Clothing ID,742,2,0.01,97.85
Clothing ID,250,2,0.01,97.86
Clothing ID,241,2,0.01,97.87
Clothing ID,165,2,0.01,97.88
Clothing ID,536,2,0.01,97.89
Clothing ID,1180,2,0.01,97.9
Clothing ID,322,2,0.01,97.91
Clothing ID,461,2,0.01,97.92
Clothing ID,489,2,0.01,97.93
Clothing ID,198,2,0.01,97.94
Clothing ID,416,2,0.01,97.95
Clothing ID,168,2,0.01,97.96
Clothing ID,726,2,0.01,97.97
Clothing ID,656,2,0.01,97.98
Clothing ID,537,2,0.01,97.99
Clothing ID,213,2,0.01,98.0
Clothing ID,532,2,0.01,98.01
Clothing ID,289,2,0.01,98.02
Clothing ID,531,2,0.01,98.03
Clothing ID,15,2,0.01,98.04
Clothing ID,239,2,0.01,98.05
Clothing ID,802,2,0.01,98.06
Clothing ID,200,2,0.01,98.07
Clothing ID,915,2,0.01,98.08
Clothing ID,582,2,0.01,98.09
Clothing ID,530,2,0.01,98.1
Clothing ID,1185,2,0.01,98.11
Clothing ID,768,2,0.01,98.12
Clothing ID,259,2,0.01,98.13
Clothing ID,1159,2,0.01,98.14
Clothing ID,643,2,0.01,98.15
Clothing ID,687,2,0.01,98.16
Clothing ID,709,2,0.01,98.17
Clothing ID,400,2,0.01,98.18
Clothing ID,631,2,0.01,98.19
Clothing ID,227,2,0.01,98.2
Clothing ID,640,2,0.01,98.21
Clothing ID,721,2,0.01,98.22
Clothing ID,4,1,0.0,98.22
Clothing ID,89,1,0.0,98.22
Clothing ID,1196,1,0.0,98.22
Clothing ID,126,1,0.0,98.22
Clothing ID,523,1,0.0,98.22
Clothing ID,329,1,0.0,98.22
Clothing ID,596,1,0.0,98.22
Clothing ID,305,1,0.0,98.22
Clothing ID,1182,1,0.0,98.22
Clothing ID,565,1,0.0,98.22
Clothing ID,580,1,0.0,98.22
Clothing ID,746,1,0.0,98.22
Clothing ID,234,1,0.0,98.22
Clothing ID,724,1,0.0,98.22
Clothing ID,204,1,0.0,98.22
Clothing ID,1105,1,0.0,98.22
Clothing ID,548,1,0.0,98.22
Clothing ID,594,1,0.0,98.22
Clothing ID,2,1,0.0,98.22
Clothing ID,299,1,0.0,98.22
Clothing ID,754,1,0.0,98.22
Clothing ID,1164,1,0.0,98.22
Clothing ID,80,1,0.0,98.22
Clothing ID,158,1,0.0,98.22
Clothing ID,1172,1,0.0,98.22
Clothing ID,738,1,0.0,98.22
Clothing ID,987,1,0.0,98.22
Clothing ID,691,1,0.0,98.22
Clothing ID,197,1,0.0,98.22
Clothing ID,708,1,0.0,98.22
Clothing ID,230,1,0.0,98.22
Clothing ID,744,1,0.0,98.22
Clothing ID,775,1,0.0,98.22
Clothing ID,1175,1,0.0,98.22
Clothing ID,485,1,0.0,98.22
Clothing ID,603,1,0.0,98.22
Clothing ID,434,1,0.0,98.22
Clothing ID,178,1,0.0,98.22
Clothing ID,398,1,0.0,98.22
Clothing ID,431,1,0.0,98.22
Clothing ID,769,1,0.0,98.22
Clothing ID,34,1,0.0,98.22
Clothing ID,371,1,0.0,98.22
Clothing ID,206,1,0.0,98.22
Clothing ID,793,1,0.0,98.22
Clothing ID,321,1,0.0,98.22
Clothing ID,63,1,0.0,98.22
Clothing ID,160,1,0.0,98.22
Clothing ID,517,1,0.0,98.22
Clothing ID,798,1,0.0,98.22
Clothing ID,96,1,0.0,98.22
Clothing ID,14,1,0.0,98.22
Clothing ID,18,1,0.0,98.22
Clothing ID,659,1,0.0,98.22
Clothing ID,21,1,0.0,98.22
Clothing ID,732,1,0.0,98.22
Clothing ID,972,1,0.0,98.22
Clothing ID,491,1,0.0,98.22
Clothing ID,521,1,0.0,98.22
Clothing ID,788,1,0.0,98.22
Clothing ID,20,1,0.0,98.22
Clothing ID,212,1,0.0,98.22
Clothing ID,429,1,0.0,98.22
Clothing ID,288,1,0.0,98.22
Clothing ID,781,1,0.0,98.22
Clothing ID,153,1,0.0,98.22
Clothing ID,285,1,0.0,98.22
Clothing ID,412,1,0.0,98.22
Clothing ID,546,1,0.0,98.22
Clothing ID,1043,1,0.0,98.22
Clothing ID,787,1,0.0,98.22
Clothing ID,512,1,0.0,98.22
Clothing ID,458,1,0.0,98.22
Clothing ID,683,1,0.0,98.22
Clothing ID,1156,1,0.0,98.22
Clothing ID,468,1,0.0,98.22
Clothing ID,955,1,0.0,98.22
Clothing ID,797,1,0.0,98.22
Clothing ID,813,1,0.0,98.22
Clothing ID,308,1,0.0,98.22
Clothing ID,464,1,0.0,98.22
Clothing ID,613,1,0.0,98.22
Clothing ID,792,1,0.0,98.22
Clothing ID,716,1,0.0,98.22
Clothing ID,448,1,0.0,98.22
Clothing ID,270,1,0.0,98.22
Clothing ID,319,1,0.0,98.22
Clothing ID,648,1,0.0,98.22
Clothing ID,1029,1,0.0,98.22
Clothing ID,56,1,0.0,98.22
Clothing ID,173,1,0.0,98.22
Clothing ID,413,1,0.0,98.22
Clothing ID,203,1,0.0,98.22
Clothing ID,689,1,0.0,98.22
Clothing ID,50,1,0.0,98.22
Clothing ID,570,1,0.0,98.22
Clothing ID,54,1,0.0,98.22
Clothing ID,273,1,0.0,98.22
Clothing ID,538,1,0.0,98.22
Clothing ID,675,1,0.0,98.22
Clothing ID,373,1,0.0,98.22
Clothing ID,238,1,0.0,98.22
Clothing ID,783,1,0.0,98.22
Clothing ID,751,1,0.0,98.22
Clothing ID,585,1,0.0,98.22
Clothing ID,272,1,0.0,98.22
Clothing ID,330,1,0.0,98.22
Clothing ID,730,1,0.0,98.22
Clothing ID,410,1,0.0,98.22
Clothing ID,207,1,0.0,98.22
Clothing ID,211,1,0.0,98.22
Clothing ID,690,1,0.0,98.22
Clothing ID,796,1,0.0,98.22
Clothing ID,702,1,0.0,98.22
Clothing ID,201,1,0.0,98.22
Clothing ID,525,1,0.0,98.22
Clothing ID,5,1,0.0,98.22
Clothing ID,138,1,0.0,98.22
Clothing ID,77,1,0.0,98.22
Clothing ID,246,1,0.0,98.22
Clothing ID,216,1,0.0,98.22
Clothing ID,179,1,0.0,98.22
Clothing ID,1160,1,0.0,98.22
Clothing ID,384,1,0.0,98.22
Clothing ID,313,1,0.0,98.22
Clothing ID,352,1,0.0,98.22
Clothing ID,615,1,0.0,98.22
Clothing ID,13,1,0.0,98.22
Clothing ID,324,1,0.0,98.22
Clothing ID,1199,1,0.0,98.22
Clothing ID,379,1,0.0,98.22
Clothing ID,366,1,0.0,98.22
Clothing ID,114,1,0.0,98.22
Clothing ID,340,1,0.0,98.22
Clothing ID,1023,1,0.0,98.22
Clothing ID,1130,1,0.0,98.22
Clothing ID,409,1,0.0,98.22
Clothing ID,118,1,0.0,98.22
Clothing ID,151,1,0.0,98.22
Clothing ID,766,1,0.0,98.22
Clothing ID,894,1,0.0,98.22
Clothing ID,338,1,0.0,98.22
Clothing ID,30,1,0.0,98.22
Clothing ID,105,1,0.0,98.22
Clothing ID,747,1,0.0,98.22
Clothing ID,639,1,0.0,98.22
Clothing ID,465,1,0.0,98.22
Clothing ID,1166,1,0.0,98.22
Clothing ID,475,1,0.0,98.22
Clothing ID,405,1,0.0,98.22
Clothing ID,346,1,0.0,98.22
Clothing ID,88,1,0.0,98.22
Clothing ID,137,1,0.0,98.22
Clothing ID,612,1,0.0,98.22
Clothing ID,47,1,0.0,98.22
Clothing ID,323,1,0.0,98.22
Clothing ID,71,1,0.0,98.22
Clothing ID,790,1,0.0,98.22
Clothing ID,427,1,0.0,98.22
Clothing ID,627,1,0.0,98.22
Clothing ID,70,1,0.0,98.22
Clothing ID,17,1,0.0,98.22
Clothing ID,113,1,0.0,98.22
Clothing ID,1152,1,0.0,98.22
Clothing ID,651,1,0.0,98.22
Clothing ID,312,1,0.0,98.22
Clothing ID,247,1,0.0,98.22
Clothing ID,496,1,0.0,98.22
Clothing ID,554,1,0.0,98.22
Clothing ID,348,1,0.0,98.22
Clothing ID,359,1,0.0,98.22
Clothing ID,725,1,0.0,98.22
Clothing ID,83,1,0.0,98.22
Clothing ID,785,1,0.0,98.22
Clothing ID,337,1,0.0,98.22
Clothing ID,102,1,0.0,98.22
Clothing ID,57,1,0.0,98.22
Clothing ID,414,1,0.0,98.22
Clothing ID,1176,1,0.0,98.22
Clothing ID,799,1,0.0,98.22
Clothing ID,72,1,0.0,98.22
Clothing ID,399,1,0.0,98.22
Clothing ID,764,1,0.0,98.22
Clothing ID,219,1,0.0,98.22
Clothing ID,545,1,0.0,98.22
Clothing ID,261,1,0.0,98.22
Clothing ID,589,1,0.0,98.22
Clothing ID,560,1,0.0,98.22
Clothing ID,86,1,0.0,98.22
Clothing ID,264,1,0.0,98.22
Clothing ID,284,1,0.0,98.22
Clothing ID,771,1,0.0,98.22
Clothing ID,87,1,0.0,98.22
Clothing ID,477,1,0.0,98.22
Clothing ID,704,1,0.0,98.22
Clothing ID,209,1,0.0,98.22
Clothing ID,22,1,0.0,98.22
Clothing ID,743,1,0.0,98.22
Clothing ID,759,1,0.0,98.22
Clothing ID,143,1,0.0,98.22
Clothing ID,12,1,0.0,98.22
Clothing ID,356,1,0.0,98.22
Clothing ID,791,1,0.0,98.22
Clothing ID,628,1,0.0,98.22
Clothing ID,208,1,0.0,98.22
Clothing ID,575,1,0.0,98.22
Clothing ID,111,1,0.0,98.22
Clothing ID,561,1,0.0,98.22
Clothing ID,701,1,0.0,98.22
Clothing ID,141,1,0.0,98.22
Clothing ID,682,1,0.0,98.22
Clothing ID,457,1,0.0,98.22
Clothing ID,78,1,0.0,98.22
Clothing ID,342,1,0.0,98.22
Clothing ID,79,1,0.0,98.22
Clothing ID,303,1,0.0,98.22
Clothing ID,776,1,0.0,98.22
Clothing ID,668,1,0.0,98.22
Clothing ID,633,1,0.0,98.22
Clothing ID,734,1,0.0,98.22
Clothing ID,711,1,0.0,98.22
Clothing ID,629,1,0.0,98.22
Clothing ID,519,1,0.0,98.22
Clothing ID,91,1,0.0,98.22
Clothing ID,186,1,0.0,98.22
Clothing ID,110,1,0.0,98.22
Clothing ID,488,1,0.0,98.22
Clothing ID,258,1,0.0,98.22
Clothing ID,471,1,0.0,98.22
Clothing ID,415,1,0.0,98.22
Clothing ID,45,1,0.0,98.22
Clothing ID,1170,1,0.0,98.22
Clothing ID,48,1,0.0,98.22
Clothing ID,175,1,0.0,98.22
Clothing ID,646,1,0.0,98.22
Clothing ID,104,1,0.0,98.22
Clothing ID,728,1,0.0,98.22
Clothing ID,28,1,0.0,98.22
Clothing ID,762,1,0.0,98.22
Clothing ID,618,1,0.0,98.22
Clothing ID,210,1,0.0,98.22
Clothing ID,304,1,0.0,98.22
Clothing ID,428,1,0.0,98.22
Clothing ID,423,1,0.0,98.22
Clothing ID,703,1,0.0,98.22
Clothing ID,74,1,0.0,98.22
Clothing ID,540,1,0.0,98.22
Clothing ID,218,1,0.0,98.22
Clothing ID,103,1,0.0,98.22
Clothing ID,808,1,0.0,98.22
Clothing ID,692,1,0.0,98.22
Clothing ID,347,1,0.0,98.22
Clothing ID,98,1,0.0,98.22
Clothing ID,263,1,0.0,98.22
Clothing ID,1040,1,0.0,98.22
Clothing ID,789,1,0.0,98.22
Clothing ID,393,1,0.0,98.22
Clothing ID,10,1,0.0,98.22
Clothing ID,244,1,0.0,98.22
Clothing ID,1168,1,0.0,98.22
Clothing ID,698,1,0.0,98.22
Clothing ID,436,1,0.0,98.22
Clothing ID,280,1,0.0,98.22
Clothing ID,500,1,0.0,98.22
Clothing ID,669,1,0.0,98.22
Clothing ID,25,1,0.0,98.22
Clothing ID,654,1,0.0,98.22
Clothing ID,686,1,0.0,98.22
Clothing ID,680,1,0.0,98.22
Clothing ID,185,1,0.0,98.22
Clothing ID,432,1,0.0,98.22
Clothing ID,174,1,0.0,98.22
Clothing ID,581,1,0.0,98.22
Clothing ID,1158,1,0.0,98.22
Clothing ID,1162,1,0.0,98.22
Clothing ID,564,1,0.0,98.22
Clothing ID,758,1,0.0,98.22
Clothing ID,740,1,0.0,98.22
Clothing ID,349,1,0.0,98.22
Clothing ID,0,1,0.0,98.22
Clothing ID,466,1,0.0,98.22
Clothing ID,445,1,0.0,98.22
Clothing ID,1127,1,0.0,98.22
Clothing ID,438,1,0.0,98.22
Clothing ID,1163,1,0.0,98.22
Clothing ID,386,1,0.0,98.22
Clothing ID,1200,1,0.0,98.22
Clothing ID,1136,1,0.0,98.22
Clothing ID,750,1,0.0,98.22
Clothing ID,65,1,0.0,98.22
Clothing ID,557,1,0.0,98.22
Clothing ID,27,1,0.0,98.22
Clothing ID,578,1,0.0,98.22
Clothing ID,11,1,0.0,98.22
Clothing ID,85,1,0.0,98.22
Clothing ID,503,1,0.0,98.22
Clothing ID,1194,1,0.0,98.22
Clothing ID,852,1,0.0,98.22
Clothing ID,274,1,0.0,98.22
Clothing ID,100,1,0.0,98.22
Clothing ID,597,1,0.0,98.22
Clothing ID,953,1,0.0,98.22
Clothing ID,925,1,0.0,98.22
Clothing ID,221,1,0.0,98.22
Clothing ID,672,1,0.0,98.22
Clothing ID,1178,1,0.0,98.22
Clothing ID,328,1,0.0,98.22
Clothing ID,64,1,0.0,98.22
Clothing ID,707,1,0.0,98.22
Clothing ID,601,1,0.0,98.22
Clothing ID,94,1,0.0,98.22
Clothing ID,233,1,0.0,98.22
Clothing ID,727,1,0.0,98.22
Clothing ID,108,1,0.0,98.22
Clothing ID,358,1,0.0,98.22
Clothing ID,887,1,0.0,98.22
Clothing ID,568,1,0.0,98.22
Clothing ID,344,1,0.0,98.22
Clothing ID,199,1,0.0,98.22
Clothing ID,3,1,0.0,98.22
Clothing ID,773,1,0.0,98.22
Clothing ID,541,1,0.0,98.22
Clothing ID,1032,1,0.0,98.22
Clothing ID,671,1,0.0,98.22
Clothing ID,454,1,0.0,98.22
Clothing ID,553,1,0.0,98.22
Clothing ID,786,1,0.0,98.22
Clothing ID,73,1,0.0,98.22
Clothing ID,591,1,0.0,98.22
Clothing ID,62,1,0.0,98.22
Clothing ID,425,1,0.0,98.22
Clothing ID,421,1,0.0,98.22
Clothing ID,26,1,0.0,98.22
Clothing ID,989,1,0.0,98.22
Clothing ID,401,1,0.0,98.22
Clothing ID,1183,1,0.0,98.22
Clothing ID,130,1,0.0,98.22
Clothing ID,97,1,0.0,98.22
Clothing ID,653,1,0.0,98.22
Clothing ID,236,1,0.0,98.22
Clothing ID,276,1,0.0,98.22
Clothing ID,1113,1,0.0,98.22
Clothing ID,29,1,0.0,98.22
Clothing ID,515,1,0.0,98.22
Clothing ID,1191,1,0.0,98.22
Clothing ID,92,1,0.0,98.22
Clothing ID,1179,1,0.0,98.22
Clothing ID,714,1,0.0,98.22
Clothing ID,58,1,0.0,98.22
Clothing ID,679,1,0.0,98.22
Clothing ID,36,1,0.0,98.22
Clothing ID,159,1,0.0,98.22
Clothing ID,286,1,0.0,98.22
Clothing ID,43,1,0.0,98.22
Clothing ID,474,1,0.0,98.22
Clothing ID,339,1,0.0,98.22
Clothing ID,53,1,0.0,98.22
Clothing ID,76,1,0.0,98.22
Clothing ID,765,1,0.0,98.22
Clothing ID,19,1,0.0,98.22
Clothing ID,84,1,0.0,98.22
Clothing ID,81,1,0.0,98.22
Clothing ID,192,1,0.0,98.22
Clothing ID,33,1,0.0,98.22
Clothing ID,483,1,0.0,98.22
Clothing ID,812,1,0.0,98.22
Clothing ID,325,1,0.0,98.22
Clothing ID,660,1,0.0,98.22
Clothing ID,222,1,0.0,98.22
Clothing ID,297,1,0.0,98.22
Clothing ID,712,1,0.0,98.22
Clothing ID,958,1,0.0,98.22
Clothing ID,44,1,0.0,98.22
Clothing ID,526,1,0.0,98.22
Clothing ID,309,1,0.0,98.22
Clothing ID,723,1,0.0,98.22
Clothing ID,101,1,0.0,98.22
Clothing ID,161,1,0.0,98.22
Clothing ID,922,1,0.0,98.22
Clothing ID,779,1,0.0,98.22
Clothing ID,31,1,0.0,98.22
Clothing ID,1069,1,0.0,98.22
Clothing ID,99,1,0.0,98.22
Clothing ID,140,1,0.0,98.22
Clothing ID,23,1,0.0,98.22
Clothing ID,69,1,0.0,98.22
Clothing ID,673,1,0.0,98.22
Clothing ID,810,1,0.0,98.22
Clothing ID,182,1,0.0,98.22
Clothing ID,467,1,0.0,98.22
Clothing ID,748,1,0.0,98.22
Clothing ID,426,1,0.0,98.22
Clothing ID,443,1,0.0,98.22
Clothing ID,195,1,0.0,98.22
Clothing ID,351,1,0.0,98.22
Clothing ID,566,1,0.0,98.22
Clothing ID,556,1,0.0,98.22
Clothing ID,9,1,0.0,98.22
Clothing ID,353,1,0.0,98.22
Clothing ID,559,1,0.0,98.22
Clothing ID,735,1,0.0,98.22
Clothing ID,982,1,0.0,98.22
Clothing ID,1157,1,0.0,98.22
Clothing ID,590,1,0.0,98.22
Clothing ID,849,1,0.0,98.22
Clothing ID,277,1,0.0,98.22
Clothing ID,470,1,0.0,98.22
Clothing ID,269,1,0.0,98.22
Clothing ID,459,1,0.0,98.22
Clothing ID,388,1,0.0,98.22
Clothing ID,856,1,0.0,98.22
Clothing ID,1186,1,0.0,98.22
Clothing ID,275,1,0.0,98.22
Clothing ID,95,1,0.0,98.22
Clothing ID,49,1,0.0,98.22
Clothing ID,778,1,0.0,98.22
Clothing ID,772,1,0.0,98.22
Clothing ID,16,1,0.0,98.22
Clothing ID,355,1,0.0,98.22
Clothing ID,685,1,0.0,98.22
Clothing ID,700,1,0.0,98.22
Clothing ID,372,1,0.0,98.22
Clothing ID,718,1,0.0,98.22
Clothing ID,499,1,0.0,98.22
Clothing ID,1017,1,0.0,98.22
Clothing ID,756,1,0.0,98.22
Clothing ID,106,1,0.0,98.22
Clothing ID,924,1,0.0,98.22
Clothing ID,67,1,0.0,98.22
Clothing ID,814,1,0.0,98.22
Clothing ID,699,1,0.0,98.22
Clothing ID,476,1,0.0,98.22
Clothing ID,638,1,0.0,98.22
Clothing ID,369,1,0.0,98.22
Clothing ID,317,1,0.0,98.22
Clothing ID,722,1,0.0,98.22
Clothing ID,469,1,0.0,98.22
Clothing ID,493,1,0.0,98.22
Clothing ID,913,1,0.0,98.22
Clothing ID,266,1,0.0,98.22
Clothing ID,599,1,0.0,98.22
Clothing ID,1143,1,0.0,98.22
Clothing ID,120,1,0.0,98.22
Clothing ID,484,1,0.0,98.22
Clothing ID,795,1,0.0,98.22
Clothing ID,1169,1,0.0,98.22
Clothing ID,610,1,0.0,98.22
Clothing ID,367,1,0.0,98.22
Clothing ID,665,1,0.0,98.22
Clothing ID,75,1,0.0,98.22
Clothing ID,51,1,0.0,98.22
Clothing ID,600,1,0.0,98.22
Clothing ID,608,1,0.0,98.22
Clothing ID,354,1,0.0,98.22
Clothing ID,962,1,0.0,98.22
Clothing ID,41,1,0.0,98.22
Clothing ID,587,1,0.0,98.22
Clothing ID,171,1,0.0,98.22
Clothing ID,527,1,0.0,98.22
Clothing ID,784,1,0.0,98.22
Clothing ID,957,1,0.0,98.22
Clothing ID,32,1,0.0,98.22
Clothing ID,449,1,0.0,98.22
Clothing ID,214,1,0.0,98.22
Clothing ID,1188,1,0.0,98.22
Clothing ID,6,1,0.0,98.22
Clothing ID,694,1,0.0,98.22
Clothing ID,311,1,0.0,98.22
Clothing ID,658,1,0.0,98.22
Clothing ID,1155,1,0.0,98.22
Clothing ID,224,1,0.0,98.22
Clothing ID,544,1,0.0,98.22
Clothing ID,657,1,0.0,98.22
Clothing ID,310,1,0.0,98.22
Clothing ID,497,1,0.0,98.22
Clothing ID,271,1,0.0,98.22
Clothing ID,7,1,0.0,98.22
Clothing ID,637,1,0.0,98.22
Clothing ID,217,1,0.0,98.22
Clothing ID,681,1,0.0,98.22
Clothing ID,60,1,0.0,98.22
Clothing ID,655,1,0.0,98.22
Clothing ID,507,1,0.0,98.22
Clothing ID,55,1,0.0,98.22
Clothing ID,1161,1,0.0,98.22
Clothing ID,487,1,0.0,98.22
Clothing ID,387,1,0.0,98.22
Clothing ID,345,1,0.0,98.22
Clothing ID,430,1,0.0,98.22
Clothing ID,181,1,0.0,98.22
Clothing ID,522,1,0.0,98.22
