Clothing ID,mean,count,Smoothed Target
1078,0.8212890625,1024,0.8213096218077909
862,0.8200992555831266,806,0.820154049839387
1094,0.8214285714285714,756,0.8214526355249145
1081,0.8487972508591065,582,0.8479190119058699
872,0.8770642201834863,545,0.875127867552803
829,0.8273244781783681,527,0.8271430441815973
1110,0.8395833333333333,480,0.8388944903346675
868,0.7558139534883721,430,0.7587716559274083
895,0.844059405940594,404,0.8430359555833343
936,0.8212290502793296,358,0.8212890083791897
867,0.811965811965812,351,0.8125262672973955
850,0.8698224852071006,338,0.8671710758864071
1095,0.7920489296636085,327,0.7937960955830944
863,0.8496732026143791,306,0.8479976845623735
1077,0.797979797979798,297,0.7995181235562578
1059,0.8095238095238095,294,0.8103415451188972
1086,0.8316151202749141,291,0.8310200809239027
1080,0.8373702422145328,289,0.8363988516742192
860,0.8020833333333334,288,0.8034001466471874
1083,0.8554216867469879,249,0.852963736681538
861,0.8401639344262295,244,0.8388153226035369
873,0.8739495798319328,238,0.8699505626640842
828,0.84,225,0.8385601843564642
1092,0.7772727272727272,220,0.7810301881972239
1033,0.8954545454545455,220,0.8893635215305572
927,0.7990654205607477,214,0.801056603279204
1056,0.8732394366197183,213,0.8688722968555096
820,0.8436018957345972,211,0.8417629660923538
836,0.7902439024390244,205,0.7930988674103722
1022,0.8878048780487805,205,0.8819877562992611
1072,0.7766497461928934,197,0.780862880955455
1008,0.9139784946236559,186,0.9050837144045327
1104,0.7675675675675676,185,0.7729133910601645
984,0.9142857142857143,175,0.9048576675247884
831,0.8353658536585366,164,0.8339524193876834
1020,0.8544303797468354,158,0.8508272200412007
833,0.7834394904458599,157,0.7878375433182697
877,0.8376623376623377,154,0.8359037078582399
854,0.8355263157894737,152,0.8339956114379868
834,0.9333333333333333,150,0.9202779127490219
1082,0.7346938775510204,147,0.7451930848343338
864,0.8275862068965517,145,0.8269530010141438
835,0.8156028368794326,141,0.8164425165672903
1099,0.8161764705882353,136,0.8169695203034214
1035,0.8592592592592593,135,0.8544983559182822
865,0.7910447761194029,134,0.7951119816060632
907,0.8692307692307693,130,0.8629816344488915
940,0.8769230769230769,130,0.8696483011155582
1087,0.6744186046511628,129,0.6942768132035821
1025,0.936,125,0.9203258287402326
909,0.8114754098360656,122,0.8130087687840404
866,0.7272727272727273,121,0.7407606040236435
975,0.7758620689655172,116,0.782700332112748
875,0.808695652173913,115,0.8107203345728424
1068,0.8333333333333334,114,0.8316958594577144
830,0.8125,112,0.8139942815707101
886,0.8867924528301887,106,0.8765654378359821
1037,0.8301886792452831,106,0.8289463902169344
823,0.7714285714285715,105,0.7795779613386699
1060,0.8446601941747572,103,0.8410345135555588
824,0.7916666666666666,96,0.7969590100632218
825,0.7956989247311828,93,0.8004180988259623
1089,0.7608695652173914,92,0.7718504032797655
903,0.8021978021978022,91,0.8058310375435471
1009,0.8764044943820225,89,0.866488487773704
1066,0.8764044943820225,89,0.866488487773704
876,0.8181818181818182,88,0.8189559737716087
996,0.8068181818181818,88,0.8096967145123494
1098,0.7558139534883721,86,0.7683702374276767
941,0.7108433734939759,83,0.732497525896444
939,0.891566265060241,83,0.8781285938576091
1028,0.8554216867469879,83,0.849002380265376
949,0.8481012658227848,79,0.8429014663367044
1096,0.8205128205128205,78,0.8208902568095279
1047,0.8441558441558441,77,0.8396623213127189
964,0.9090909090909091,77,0.8912087130652963
1084,0.7083333333333334,72,0.7331222300797144
1030,0.8472222222222222,72,0.8418178822536275
857,0.7746478873239436,71,0.7851345622783926
883,0.7428571428571429,70,0.7605249463037081
945,0.7714285714285715,70,0.7827471685259304
1038,0.8840579710144928,69,0.8701937659250981
1075,0.6666666666666666,69,0.7016544400824015
881,0.75,68,0.7664459678106106
1079,0.6507936507936508,63,0.6921354839437799
933,0.8571428571428571,63,0.8487619899678763
819,0.7540983606557377,61,0.7709536440411572
840,0.6949152542372882,59,0.7271803185738447
1091,0.8103448275862069,58,0.8134262200940222
993,0.8620689655172413,58,0.8518877585555606
1111,0.8103448275862069,58,0.8134262200940222
1100,0.8214285714285714,56,0.8216742785175492
871,0.7777777777777778,54,0.7898276373964018
879,0.7592592592592593,54,0.7763141238828883
818,0.6415094339622641,53,0.6910581529771744
815,0.8301886792452831,53,0.8280444543470374
870,0.660377358490566,53,0.7047567831141607
974,0.8,50,0.8063892166761962
844,0.62,50,0.6778177881047677
869,0.94,50,0.9063892166761962
1121,0.7083333333333334,48,0.7418712524607902
839,0.9583333333333334,48,0.9183418406960843
878,0.7872340425531915,47,0.7977200771243841
985,0.9361702127659575,47,0.9021976890646826
937,0.6595744680851063,47,0.7081678383184138
1070,0.8260869565217391,46,0.8249582601111172
1076,0.6956521739130435,46,0.7340491692020262
1074,0.8666666666666667,45,0.8530345410359036
1001,0.8604651162790697,43,0.8483689709100593
965,0.7441860465116279,43,0.76900389154498
1126,0.8333333333333334,42,0.8297942768924795
1044,0.7857142857142857,42,0.7975362123763505
1053,0.8292682926829268,41,0.8270040191366186
880,0.7560975609756098,41,0.7778236912677661
912,0.725,40,0.7574540861222289
952,0.8717948717948718,39,0.8550380536836226
1052,0.7837837837837838,37,0.7973200906549778
906,0.9459459459459459,37,0.9025832485497146
1051,0.918918918918919,37,0.8850393889005919
838,0.6486486486486487,37,0.7096007924093637
999,0.8918918918918919,37,0.867495529251469
995,0.8055555555555556,36,0.8115579494166738
1103,0.8333333333333334,36,0.8294150922738167
822,0.75,36,0.7758436637023881
169,0.8888888888888888,36,0.8651293779881024
942,0.7222222222222222,36,0.7579865208452452
1024,0.9714285714285714,35,0.9172226394060679
1116,0.7142857142857143,35,0.7535862757697043
282,0.8857142857142857,35,0.8626771848606133
1054,0.696969696969697,33,0.7442876446666742
899,0.7878787878787878,33,0.8008914182515798
1049,0.875,32,0.854754714756418
986,0.625,32,0.7009085609102641
921,0.6774193548387096,31,0.7342597091634065
826,0.7419354838709677,31,0.7734753954379163
520,0.9666666666666667,30,0.9089449033466747
1093,0.8333333333333334,30,0.8289449033466747
1123,1.0,30,0.9289449033466747
1088,0.6333333333333333,30,0.7089449033466747
916,0.9310344827586207,29,0.8866784728027293
1085,0.8571428571428571,28,0.8426509409861195
898,0.8214285714285714,28,0.8218176076527861
1107,0.7777777777777778,27,0.7967498971773135
960,0.9615384615384616,26,0.9010270688550811
855,0.7307692307692307,26,0.7705922862463855
1125,0.8461538461538461,26,0.8358096775507333
1004,0.92,25,0.8766054481629718
841,0.6,25,0.698827670385194
1117,0.84,25,0.8321610037185274
1055,0.56,25,0.6766054481629719
1016,0.625,24,0.7147101174394029
1046,0.7083333333333334,24,0.7601646628939485
967,0.9565217391304348,23,0.8941219806356682
966,0.9130434782608695,23,0.8708661666821799
896,0.9130434782608695,23,0.8708661666821799
1115,0.8695652173913043,23,0.8476103527286915
1042,0.8695652173913043,23,0.8476103527286915
1150,0.8181818181818182,22,0.8201725039841365
1003,0.9090909090909091,22,0.8677915516031841
938,0.9090909090909091,22,0.8677915516031841
1026,1.0,21,0.9133474431057008
858,0.6190476190476191,21,0.7182254918861886
992,0.8571428571428571,21,0.8401767113983838
817,0.6666666666666666,21,0.7426157357886276
1027,0.9,20,0.8611811291833433
1011,0.85,20,0.8361811291833433
929,0.55,20,0.6861811291833433
832,0.7,20,0.7611811291833432
1131,0.7894736842105263,19,0.8063396196752238
375,0.9473684210526315,19,0.8832626965983008
1050,0.8947368421052632,19,0.8576216709572753
774,0.7222222222222222,18,0.7749275044035192
902,0.6666666666666666,18,0.748611714929835
918,0.8333333333333334,18,0.8275590833508876
859,0.9444444444444444,18,0.8801906622982562
1036,0.9444444444444444,18,0.8801906622982562
1048,0.9411764705882353,17,0.8769525720901009
1122,0.7058823529411765,17,0.7688444639819927
194,0.8823529411764706,17,0.8499255450630738
1065,0.8125,16,0.817979032425937
1097,0.75,16,0.7902012546481592
944,0.75,16,0.7902012546481592
663,0.9375,16,0.8735345879814925
316,0.8,15,0.8127784333523923
460,0.8,15,0.8127784333523923
1109,0.9333333333333333,15,0.8699212904952495
300,0.9333333333333333,15,0.8699212904952495
260,1.0,15,0.8984927190666779
674,1.0,15,0.8984927190666779
905,0.8666666666666667,15,0.8413498619238209
900,0.8,15,0.8127784333523923
1061,0.9333333333333333,15,0.8699212904952495
988,0.6428571428571429,14,0.7484483872745215
917,0.9285714285714286,14,0.8660954460980509
1015,0.9285714285714286,14,0.8660954460980509
90,0.8571428571428571,14,0.8366836813921685
364,0.7692307692307693,13,0.8014316717373857
634,0.9230769230769231,13,0.8620377323434464
1021,0.7692307692307693,13,0.8014316717373857
251,0.9230769230769231,13,0.8620377323434464
719,0.8461538461538461,13,0.831734702040416
621,0.9230769230769231,13,0.8620377323434464
947,0.8461538461538461,13,0.831734702040416
155,0.9230769230769231,13,0.8620377323434464
1002,0.6923076923076923,13,0.7711286414343554
382,0.9230769230769231,13,0.8620377323434464
278,1.0,12,0.888976411479179
417,1.0,12,0.888976411479179
943,0.8333333333333334,12,0.826476411479179
252,1.0,12,0.888976411479179
935,0.7272727272727273,11,0.7886208118494752
884,0.6363636363636364,11,0.7563627473333461
843,0.7272727272727273,11,0.7886208118494752
1203,0.8181818181818182,11,0.8208788763656042
229,0.2727272727272727,11,0.62733048926883
622,0.9090909090909091,11,0.8531369408817332
950,0.6363636363636364,11,0.7563627473333461
897,0.9090909090909091,11,0.8531369408817332
1151,1.0,11,0.8853950053978622
1135,0.9090909090909091,11,0.8531369408817332
482,0.36363636363636365,11,0.6595885537849591
479,1.0,10,0.8815748389111243
1146,0.7,10,0.7815748389111243
1147,0.7,10,0.7815748389111243
842,0.6,10,0.748241505577791
332,0.9,10,0.848241505577791
573,0.7,10,0.7815748389111243
948,0.5,10,0.7149081722444577
1133,0.9,10,0.848241505577791
901,1.0,10,0.8815748389111243
904,0.6,10,0.748241505577791
254,0.7,10,0.7815748389111243
641,0.8,10,0.8149081722444577
1039,0.4444444444444444,9,0.7050774195632321
1112,0.7777777777777778,9,0.8085256954253011
932,0.7777777777777778,9,0.8085256954253011
381,0.8888888888888888,9,0.8430084540459907
154,0.7777777777777778,9,0.8085256954253011
994,0.7777777777777778,9,0.8085256954253011
926,0.7777777777777778,9,0.8085256954253011
1134,1.0,9,0.8774912126666803
923,0.8888888888888888,9,0.8430084540459907
1145,0.6666666666666666,9,0.7740429368046113
946,0.2222222222222222,9,0.6361119023218528
215,1.0,9,0.8774912126666803
290,1.0,9,0.8774912126666803
602,0.8888888888888888,9,0.8430084540459907
611,1.0,9,0.8774912126666803
257,0.8888888888888888,9,0.8430084540459907
882,0.8888888888888888,9,0.8430084540459907
129,0.8888888888888888,9,0.8430084540459907
395,1.0,9,0.8774912126666803
1062,0.8888888888888888,9,0.8430084540459907
193,1.0,9,0.8774912126666803
123,1.0,9,0.8774912126666803
1202,1.0,9,0.8774912126666803
1031,0.8888888888888888,9,0.8430084540459907
977,0.5555555555555556,9,0.7395601781839217
997,0.7777777777777778,9,0.8085256954253011
998,0.75,8,0.8016873274047761
166,0.875,8,0.8374016131190618
107,0.875,8,0.8374016131190618
837,0.625,8,0.7659730416904903
172,0.75,8,0.8016873274047761
1119,0.875,8,0.8374016131190618
827,0.5,8,0.7302587559762046
931,0.625,8,0.7659730416904903
930,0.875,8,0.8374016131190618
514,0.375,8,0.6945444702619189
528,0.875,8,0.8374016131190618
377,0.875,8,0.8374016131190618
1013,0.5,8,0.7302587559762046
890,0.875,8,0.8374016131190618
190,0.75,8,0.8016873274047761
816,0.625,8,0.7659730416904903
715,1.0,8,0.8731158988333475
240,0.875,8,0.8374016131190618
1005,0.875,8,0.8374016131190618
24,0.875,8,0.8374016131190618
350,0.5714285714285714,7,0.757305376567916
1045,0.5714285714285714,7,0.757305376567916
357,1.0,7,0.868416487679027
380,0.5714285714285714,7,0.757305376567916
378,1.0,7,0.868416487679027
990,0.7142857142857143,7,0.794342413604953
1063,0.7142857142857143,7,0.794342413604953
662,0.8571428571428571,7,0.83137945064199
920,0.7142857142857143,7,0.794342413604953
636,0.5714285714285714,7,0.757305376567916
262,0.8571428571428571,7,0.83137945064199
619,0.5714285714285714,7,0.757305376567916
279,0.8571428571428571,7,0.83137945064199
928,1.0,7,0.868416487679027
576,0.7142857142857143,7,0.794342413604953
481,0.7142857142857143,7,0.794342413604953
167,1.0,7,0.868416487679027
8,0.5714285714285714,7,0.757305376567916
717,0.8571428571428571,7,0.83137945064199
961,0.8571428571428571,7,0.83137945064199
956,1.0,7,0.868416487679027
954,0.8571428571428571,7,0.83137945064199
969,1.0,7,0.868416487679027
983,0.8333333333333334,6,0.8248940448974511
1010,0.8333333333333334,6,0.8248940448974511
959,0.8333333333333334,6,0.8248940448974511
968,1.0,6,0.8633555833589897
394,1.0,6,0.8633555833589897
678,1.0,6,0.8633555833589897
225,0.8333333333333334,6,0.8248940448974511
667,1.0,6,0.8633555833589897
676,1.0,6,0.8633555833589897
116,0.6666666666666666,6,0.7864325064359127
249,1.0,6,0.8633555833589897
294,1.0,6,0.8633555833589897
498,0.8333333333333334,6,0.8248940448974511
298,0.8333333333333334,6,0.8248940448974511
128,0.8333333333333334,6,0.8248940448974511
127,0.8333333333333334,6,0.8248940448974511
144,1.0,6,0.8633555833589897
121,0.6666666666666666,6,0.7864325064359127
1102,0.6666666666666666,6,0.7864325064359127
472,1.0,6,0.8633555833589897
981,0.8333333333333334,6,0.8248940448974511
391,0.6666666666666666,6,0.7864325064359127
411,0.6666666666666666,6,0.7864325064359127
991,0.5,6,0.7479709679743742
853,0.6666666666666666,6,0.7864325064359127
845,0.6666666666666666,6,0.7864325064359127
777,0.6,5,0.7778898066933492
971,0.6,5,0.7778898066933492
374,1.0,5,0.8578898066933491
196,1.0,5,0.8578898066933491
893,0.8,5,0.8178898066933492
150,0.8,5,0.8178898066933492
1006,0.2,5,0.6978898066933492
970,0.4,5,0.7378898066933491
142,0.8,5,0.8178898066933492
131,0.8,5,0.8178898066933492
124,0.8,5,0.8178898066933492
569,0.2,5,0.6978898066933492
504,1.0,5,0.8578898066933491
509,0.6,5,0.7778898066933492
1118,0.8,5,0.8178898066933492
577,0.4,5,0.7378898066933491
343,0.8,5,0.8178898066933492
170,0.8,5,0.8178898066933492
1108,0.8,5,0.8178898066933492
1101,0.8,5,0.8178898066933492
1129,0.6,5,0.7778898066933492
463,1.0,5,0.8578898066933491
506,1.0,5,0.8578898066933491
333,1.0,5,0.8578898066933491
583,1.0,5,0.8578898066933491
642,1.0,5,0.8578898066933491
256,1.0,5,0.8578898066933491
616,0.8,5,0.8178898066933492
635,0.0,5,0.6578898066933492
242,1.0,5,0.8578898066933491
713,1.0,5,0.8578898066933491
720,1.0,5,0.8578898066933491
821,0.8,5,0.8178898066933492
745,1.0,5,0.8578898066933491
383,0.6,5,0.7778898066933492
980,0.8,5,0.8178898066933492
176,0.8,5,0.8178898066933492
132,0.8,5,0.8178898066933492
1106,0.8,5,0.8178898066933492
455,0.6,5,0.7778898066933492
1153,0.8,5,0.8178898066933492
623,0.8,5,0.8178898066933492
891,1.0,5,0.8578898066933491
1193,1.0,5,0.8578898066933491
1140,0.8,5,0.8178898066933492
1142,0.75,4,0.8103018819722387
617,1.0,4,0.8519685486389054
255,0.75,4,0.8103018819722387
243,1.0,4,0.8519685486389054
705,1.0,4,0.8519685486389054
1141,1.0,4,0.8519685486389054
910,0.75,4,0.8103018819722387
1167,0.5,4,0.7686352153055721
911,0.75,4,0.8103018819722387
117,1.0,4,0.8519685486389054
963,0.75,4,0.8103018819722387
147,1.0,4,0.8519685486389054
37,1.0,4,0.8519685486389054
979,1.0,4,0.8519685486389054
733,1.0,4,0.8519685486389054
661,0.75,4,0.8103018819722387
1137,1.0,4,0.8519685486389054
647,0.75,4,0.8103018819722387
688,1.0,4,0.8519685486389054
908,1.0,4,0.8519685486389054
228,1.0,4,0.8519685486389054
706,0.75,4,0.8103018819722387
226,0.5,4,0.7686352153055721
757,0.75,4,0.8103018819722387
1018,1.0,4,0.8519685486389054
1192,1.0,4,0.8519685486389054
888,0.75,4,0.8103018819722387
1034,0.75,4,0.8103018819722387
408,0.75,4,0.8103018819722387
183,0.25,4,0.7269685486389054
406,0.75,4,0.8103018819722387
360,1.0,4,0.8519685486389054
177,1.0,4,0.8519685486389054
847,0.75,4,0.8103018819722387
478,1.0,4,0.8519685486389054
453,0.25,4,0.7269685486389054
109,1.0,4,0.8519685486389054
335,1.0,4,0.8519685486389054
336,1.0,4,0.8519685486389054
552,0.5,4,0.7686352153055721
456,1.0,4,0.8519685486389054
1114,1.0,4,0.8519685486389054
420,1.0,4,0.8519685486389054
558,1.0,4,0.8519685486389054
301,0.75,4,0.8103018819722387
135,1.0,4,0.8519685486389054
139,1.0,4,0.8519685486389054
283,1.0,4,0.8519685486389054
287,1.0,4,0.8519685486389054
501,1.0,4,0.8519685486389054
295,0.75,4,0.8103018819722387
934,0.75,4,0.8103018819722387
579,1.0,4,0.8519685486389054
146,1.0,4,0.8519685486389054
145,1.0,4,0.8519685486389054
592,1.0,4,0.8519685486389054
588,0.25,4,0.7269685486389054
61,0.75,4,0.8103018819722387
607,0.5,4,0.7686352153055721
440,1.0,4,0.8519685486389054
422,1.0,4,0.8519685486389054
419,1.0,4,0.8519685486389054
451,0.75,4,0.8103018819722387
505,1.0,4,0.8519685486389054
302,1.0,4,0.8519685486389054
1000,1.0,3,0.8455323985797274
392,1.0,3,0.8455323985797274
370,1.0,3,0.8455323985797274
152,1.0,3,0.8455323985797274
148,1.0,3,0.8455323985797274
976,0.6666666666666666,3,0.8020541377101622
644,0.6666666666666666,3,0.8020541377101622
693,0.3333333333333333,3,0.7585758768405969
666,1.0,3,0.8455323985797274
237,1.0,3,0.8455323985797274
1181,1.0,3,0.8455323985797274
741,0.6666666666666666,3,0.8020541377101622
761,1.0,3,0.8455323985797274
749,0.6666666666666666,3,0.8020541377101622
739,1.0,3,0.8455323985797274
807,1.0,3,0.8455323985797274
782,0.6666666666666666,3,0.8020541377101622
780,1.0,3,0.8455323985797274
205,1.0,3,0.8455323985797274
376,0.6666666666666666,3,0.8020541377101622
363,0.6666666666666666,3,0.8020541377101622
368,0.3333333333333333,3,0.7585758768405969
1197,1.0,3,0.8455323985797274
1190,1.0,3,0.8455323985797274
119,1.0,3,0.8455323985797274
1189,1.0,3,0.8455323985797274
614,0.6666666666666666,3,0.8020541377101622
1149,1.0,3,0.8455323985797274
630,1.0,3,0.8455323985797274
626,0.3333333333333333,3,0.7585758768405969
1138,1.0,3,0.8455323985797274
248,1.0,3,0.8455323985797274
1132,1.0,3,0.8455323985797274
253,0.6666666666666666,3,0.8020541377101622
652,0.6666666666666666,3,0.8020541377101622
645,1.0,3,0.8455323985797274
1148,1.0,3,0.8455323985797274
919,1.0,3,0.8455323985797274
539,1.0,3,0.8455323985797274
567,0.0,3,0.7150976159710317
293,1.0,3,0.8455323985797274
510,1.0,3,0.8455323985797274
296,1.0,3,0.8455323985797274
606,0.6666666666666666,3,0.8020541377101622
134,1.0,3,0.8455323985797274
136,1.0,3,0.8455323985797274
874,1.0,3,0.8455323985797274
133,1.0,3,0.8455323985797274
595,1.0,3,0.8455323985797274
586,0.6666666666666666,3,0.8020541377101622
604,1.0,3,0.8455323985797274
574,0.6666666666666666,3,0.8020541377101622
281,0.6666666666666666,3,0.8020541377101622
292,1.0,3,0.8455323985797274
562,0.6666666666666666,3,0.8020541377101622
291,1.0,3,0.8455323985797274
547,1.0,3,0.8455323985797274
542,1.0,3,0.8455323985797274
508,1.0,3,0.8455323985797274
315,0.6666666666666666,3,0.8020541377101622
314,0.3333333333333333,3,0.7585758768405969
307,0.6666666666666666,3,0.8020541377101622
535,1.0,3,0.8455323985797274
529,1.0,3,0.8455323985797274
511,1.0,3,0.8455323985797274
439,1.0,3,0.8455323985797274
326,1.0,3,0.8455323985797274
327,0.3333333333333333,3,0.7585758768405969
492,1.0,3,0.8455323985797274
442,1.0,3,0.8455323985797274
331,0.6666666666666666,3,0.8020541377101622
480,1.0,3,0.8455323985797274
462,1.0,3,0.8455323985797274
46,0.6666666666666666,3,0.8020541377101622
435,1.0,3,0.8455323985797274
437,1.0,3,0.8455323985797274
180,0.6666666666666666,3,0.8020541377101622
35,1.0,3,0.8455323985797274
851,1.0,3,0.8455323985797274
848,1.0,3,0.8455323985797274
157,1.0,3,0.8455323985797274
187,1.0,3,0.8455323985797274
42,1.0,3,0.8455323985797274
40,1.0,3,0.8455323985797274
404,1.0,3,0.8455323985797274
407,0.6666666666666666,3,0.8020541377101622
396,1.0,3,0.8455323985797274
390,0.6666666666666666,3,0.8020541377101622
38,1.0,3,0.8455323985797274
1,0.6666666666666666,3,0.8020541377101622
441,1.0,2,0.8385111439697149
268,1.0,2,0.8385111439697149
524,1.0,2,0.8385111439697149
267,1.0,2,0.8385111439697149
656,1.0,2,0.8385111439697149
452,1.0,2,0.8385111439697149
1014,1.0,2,0.8385111439697149
450,0.5,2,0.7930565985151695
289,0.5,2,0.7930565985151695
52,1.0,2,0.8385111439697149
265,0.5,2,0.7930565985151695
518,1.0,2,0.8385111439697149
555,1.0,2,0.8385111439697149
516,1.0,2,0.8385111439697149
1058,0.5,2,0.7930565985151695
1057,0.5,2,0.7930565985151695
66,1.0,2,0.8385111439697149
1071,1.0,2,0.8385111439697149
513,1.0,2,0.8385111439697149
1067,1.0,2,0.8385111439697149
1064,0.5,2,0.7930565985151695
1007,0.5,2,0.7930565985151695
68,1.0,2,0.8385111439697149
318,0.5,2,0.7930565985151695
620,1.0,2,0.8385111439697149
245,1.0,2,0.8385111439697149
609,1.0,2,0.8385111439697149
670,1.0,2,0.8385111439697149
403,1.0,2,0.8385111439697149
402,1.0,2,0.8385111439697149
605,1.0,2,0.8385111439697149
400,0.5,2,0.7930565985151695
473,1.0,2,0.8385111439697149
650,1.0,2,0.8385111439697149
259,0.0,2,0.7476020530606241
397,1.0,2,0.8385111439697149
241,1.0,2,0.8385111439697149
306,0.5,2,0.7930565985151695
362,1.0,2,0.8385111439697149
361,1.0,2,0.8385111439697149
572,0.0,2,0.7476020530606241
534,1.0,2,0.8385111439697149
533,1.0,2,0.8385111439697149
532,1.0,2,0.8385111439697149
531,1.0,2,0.8385111439697149
571,1.0,2,0.8385111439697149
551,1.0,2,0.8385111439697149
550,0.5,2,0.7930565985151695
322,1.0,2,0.8385111439697149
250,0.5,2,0.7930565985151695
418,1.0,2,0.8385111439697149
416,1.0,2,0.8385111439697149
320,0.5,2,0.7930565985151695
549,0.5,2,0.7930565985151695
649,1.0,2,0.8385111439697149
490,1.0,2,0.8385111439697149
239,1.0,2,0.8385111439697149
433,1.0,2,0.8385111439697149
489,1.0,2,0.8385111439697149
598,0.5,2,0.7930565985151695
632,1.0,2,0.8385111439697149
486,1.0,2,0.8385111439697149
543,1.0,2,0.8385111439697149
631,1.0,2,0.8385111439697149
664,1.0,2,0.8385111439697149
593,0.5,2,0.7930565985151695
502,1.0,2,0.8385111439697149
424,1.0,2,0.8385111439697149
643,0.5,2,0.7930565985151695
537,1.0,2,0.8385111439697149
341,1.0,2,0.8385111439697149
536,1.0,2,0.8385111439697149
640,0.5,2,0.7930565985151695
59,1.0,2,0.8385111439697149
677,0.5,2,0.7930565985151695
495,0.5,2,0.7930565985151695
334,1.0,2,0.8385111439697149
494,0.5,2,0.7930565985151695
625,0.5,2,0.7930565985151695
447,1.0,2,0.8385111439697149
446,1.0,2,0.8385111439697149
624,1.0,2,0.8385111439697149
444,1.0,2,0.8385111439697149
584,1.0,2,0.8385111439697149
530,0.5,2,0.7930565985151695
582,1.0,2,0.8385111439697149
563,1.0,2,0.8385111439697149
235,0.0,2,0.7476020530606241
461,1.0,2,0.8385111439697149
697,0.5,2,0.7930565985151695
696,1.0,2,0.8385111439697149
695,1.0,2,0.8385111439697149
687,1.0,2,0.8385111439697149
684,1.0,2,0.8385111439697149
710,1.0,2,0.8385111439697149
709,1.0,2,0.8385111439697149
731,1.0,2,0.8385111439697149
729,1.0,2,0.8385111439697149
726,1.0,2,0.8385111439697149
721,1.0,2,0.8385111439697149
232,0.5,2,0.7930565985151695
231,1.0,2,0.8385111439697149
227,1.0,2,0.8385111439697149
223,1.0,2,0.8385111439697149
220,0.0,2,0.7476020530606241
737,1.0,2,0.8385111439697149
736,1.0,2,0.8385111439697149
755,1.0,2,0.8385111439697149
753,1.0,2,0.8385111439697149
752,1.0,2,0.8385111439697149
742,1.0,2,0.8385111439697149
770,1.0,2,0.8385111439697149
768,0.5,2,0.7930565985151695
767,1.0,2,0.8385111439697149
763,1.0,2,0.8385111439697149
760,1.0,2,0.8385111439697149
805,0.5,2,0.7930565985151695
804,1.0,2,0.8385111439697149
803,1.0,2,0.8385111439697149
802,1.0,2,0.8385111439697149
801,1.0,2,0.8385111439697149
800,1.0,2,0.8385111439697149
794,1.0,2,0.8385111439697149
213,1.0,2,0.8385111439697149
809,1.0,2,0.8385111439697149
806,0.0,2,0.7476020530606241
198,0.5,2,0.7930565985151695
191,0.5,2,0.7930565985151695
82,1.0,2,0.8385111439697149
811,1.0,2,0.8385111439697149
189,1.0,2,0.8385111439697149
188,1.0,2,0.8385111439697149
184,1.0,2,0.8385111439697149
1184,1.0,2,0.8385111439697149
202,1.0,2,0.8385111439697149
200,1.0,2,0.8385111439697149
168,0.5,2,0.7930565985151695
165,0.5,2,0.7930565985151695
164,1.0,2,0.8385111439697149
163,1.0,2,0.8385111439697149
162,1.0,2,0.8385111439697149
846,1.0,2,0.8385111439697149
156,1.0,2,0.8385111439697149
15,0.5,2,0.7930565985151695
149,1.0,2,0.8385111439697149
1198,1.0,2,0.8385111439697149
1195,0.0,2,0.7476020530606241
125,0.5,2,0.7930565985151695
122,1.0,2,0.8385111439697149
1205,1.0,2,0.8385111439697149
1204,1.0,2,0.8385111439697149
1177,1.0,2,0.8385111439697149
1174,1.0,2,0.8385111439697149
892,1.0,2,0.8385111439697149
889,0.5,2,0.7930565985151695
885,0.0,2,0.7476020530606241
1201,1.0,2,0.8385111439697149
1187,1.0,2,0.8385111439697149
1185,0.5,2,0.7930565985151695
1180,0.5,2,0.7930565985151695
115,1.0,2,0.8385111439697149
915,1.0,2,0.8385111439697149
914,1.0,2,0.8385111439697149
1173,1.0,2,0.8385111439697149
1171,1.0,2,0.8385111439697149
1165,0.0,2,0.7476020530606241
1120,1.0,2,0.8385111439697149
112,1.0,2,0.8385111439697149
93,0.5,2,0.7930565985151695
1144,1.0,2,0.8385111439697149
1139,1.0,2,0.8385111439697149
1159,1.0,2,0.8385111439697149
1154,1.0,2,0.8385111439697149
1073,0.5,2,0.7930565985151695
951,0.0,2,0.7476020530606241
1090,0.5,2,0.7930565985151695
1128,0.5,2,0.7930565985151695
1124,1.0,2,0.8385111439697149
978,0.5,2,0.7930565985151695
973,0.0,2,0.7476020530606241
1019,1.0,2,0.8385111439697149
1041,1.0,2,0.8385111439697149
1012,1.0,2,0.8385111439697149
365,1.0,2,0.8385111439697149
39,1.0,2,0.8385111439697149
389,0.0,2,0.7476020530606241
385,0.5,2,0.7930565985151695
491,1.0,1,0.8308211984444633
49,1.0,1,0.8308211984444633
488,1.0,1,0.8308211984444633
487,1.0,1,0.8308211984444633
512,1.0,1,0.8308211984444633
51,1.0,1,0.8308211984444633
507,1.0,1,0.8308211984444633
503,1.0,1,0.8308211984444633
500,1.0,1,0.8308211984444633
50,1.0,1,0.8308211984444633
5,1.0,1,0.8308211984444633
499,1.0,1,0.8308211984444633
497,1.0,1,0.8308211984444633
496,1.0,1,0.8308211984444633
493,1.0,1,0.8308211984444633
330,1.0,1,0.8308211984444633
33,1.0,1,0.8308211984444633
53,0.0,1,0.7832021508254157
527,1.0,1,0.8308211984444633
526,1.0,1,0.8308211984444633
525,1.0,1,0.8308211984444633
523,0.0,1,0.7832021508254157
522,1.0,1,0.8308211984444633
521,0.0,1,0.7832021508254157
519,1.0,1,0.8308211984444633
517,1.0,1,0.8308211984444633
515,1.0,1,0.8308211984444633
319,1.0,1,0.8308211984444633
317,1.0,1,0.8308211984444633
313,1.0,1,0.8308211984444633
312,1.0,1,0.8308211984444633
311,1.0,1,0.8308211984444633
310,1.0,1,0.8308211984444633
31,1.0,1,0.8308211984444633
309,1.0,1,0.8308211984444633
308,1.0,1,0.8308211984444633
305,0.0,1,0.7832021508254157
553,1.0,1,0.8308211984444633
55,1.0,1,0.8308211984444633
548,1.0,1,0.8308211984444633
546,1.0,1,0.8308211984444633
545,1.0,1,0.8308211984444633
544,1.0,1,0.8308211984444633
541,1.0,1,0.8308211984444633
540,1.0,1,0.8308211984444633
54,1.0,1,0.8308211984444633
538,1.0,1,0.8308211984444633
304,1.0,1,0.8308211984444633
303,1.0,1,0.8308211984444633
30,1.0,1,0.8308211984444633
3,1.0,1,0.8308211984444633
299,1.0,1,0.8308211984444633
297,1.0,1,0.8308211984444633
564,1.0,1,0.8308211984444633
561,1.0,1,0.8308211984444633
560,1.0,1,0.8308211984444633
56,1.0,1,0.8308211984444633
559,0.0,1,0.7832021508254157
557,1.0,1,0.8308211984444633
556,1.0,1,0.8308211984444633
554,1.0,1,0.8308211984444633
288,1.0,1,0.8308211984444633
286,1.0,1,0.8308211984444633
285,0.0,1,0.7832021508254157
284,0.0,1,0.7832021508254157
280,0.0,1,0.7832021508254157
28,1.0,1,0.8308211984444633
277,1.0,1,0.8308211984444633
578,1.0,1,0.8308211984444633
575,1.0,1,0.8308211984444633
570,1.0,1,0.8308211984444633
57,1.0,1,0.8308211984444633
568,1.0,1,0.8308211984444633
566,1.0,1,0.8308211984444633
565,1.0,1,0.8308211984444633
596,1.0,1,0.8308211984444633
594,1.0,1,0.8308211984444633
591,1.0,1,0.8308211984444633
590,1.0,1,0.8308211984444633
589,1.0,1,0.8308211984444633
587,1.0,1,0.8308211984444633
585,1.0,1,0.8308211984444633
581,1.0,1,0.8308211984444633
580,1.0,1,0.8308211984444633
58,1.0,1,0.8308211984444633
29,1.0,1,0.8308211984444633
618,1.0,1,0.8308211984444633
615,1.0,1,0.8308211984444633
613,1.0,1,0.8308211984444633
612,1.0,1,0.8308211984444633
610,0.0,1,0.7832021508254157
608,1.0,1,0.8308211984444633
603,1.0,1,0.8308211984444633
601,1.0,1,0.8308211984444633
600,1.0,1,0.8308211984444633
60,1.0,1,0.8308211984444633
6,1.0,1,0.8308211984444633
599,1.0,1,0.8308211984444633
597,1.0,1,0.8308211984444633
275,1.0,1,0.8308211984444633
274,1.0,1,0.8308211984444633
273,0.0,1,0.7832021508254157
272,1.0,1,0.8308211984444633
271,1.0,1,0.8308211984444633
270,1.0,1,0.8308211984444633
27,1.0,1,0.8308211984444633
269,0.0,1,0.7832021508254157
266,0.0,1,0.7832021508254157
264,1.0,1,0.8308211984444633
263,1.0,1,0.8308211984444633
62,1.0,1,0.8308211984444633
261,1.0,1,0.8308211984444633
26,1.0,1,0.8308211984444633
258,1.0,1,0.8308211984444633
25,1.0,1,0.8308211984444633
633,1.0,1,0.8308211984444633
63,0.0,1,0.7832021508254157
629,1.0,1,0.8308211984444633
628,1.0,1,0.8308211984444633
627,1.0,1,0.8308211984444633
276,1.0,1,0.8308211984444633
655,1.0,1,0.8308211984444633
654,1.0,1,0.8308211984444633
653,0.0,1,0.7832021508254157
651,1.0,1,0.8308211984444633
65,1.0,1,0.8308211984444633
648,1.0,1,0.8308211984444633
646,1.0,1,0.8308211984444633
64,1.0,1,0.8308211984444633
639,1.0,1,0.8308211984444633
638,1.0,1,0.8308211984444633
637,1.0,1,0.8308211984444633
244,1.0,1,0.8308211984444633
238,1.0,1,0.8308211984444633
236,0.0,1,0.7832021508254157
234,1.0,1,0.8308211984444633
233,0.0,1,0.7832021508254157
665,1.0,1,0.8308211984444633
660,1.0,1,0.8308211984444633
659,1.0,1,0.8308211984444633
658,1.0,1,0.8308211984444633
657,1.0,1,0.8308211984444633
682,1.0,1,0.8308211984444633
681,1.0,1,0.8308211984444633
680,1.0,1,0.8308211984444633
679,1.0,1,0.8308211984444633
675,1.0,1,0.8308211984444633
673,0.0,1,0.7832021508254157
672,1.0,1,0.8308211984444633
671,1.0,1,0.8308211984444633
67,1.0,1,0.8308211984444633
669,0.0,1,0.7832021508254157
668,1.0,1,0.8308211984444633
247,1.0,1,0.8308211984444633
246,0.0,1,0.7832021508254157
699,1.0,1,0.8308211984444633
698,1.0,1,0.8308211984444633
106,0.0,1,0.7832021508254157
372,1.0,1,0.8308211984444633
1040,1.0,1,0.8308211984444633
694,1.0,1,0.8308211984444633
692,1.0,1,0.8308211984444633
691,1.0,1,0.8308211984444633
690,1.0,1,0.8308211984444633
69,1.0,1,0.8308211984444633
689,1.0,1,0.8308211984444633
104,0.0,1,0.7832021508254157
686,1.0,1,0.8308211984444633
685,1.0,1,0.8308211984444633
99,1.0,1,0.8308211984444633
683,1.0,1,0.8308211984444633
716,1.0,1,0.8308211984444633
714,1.0,1,0.8308211984444633
712,1.0,1,0.8308211984444633
711,1.0,1,0.8308211984444633
1032,1.0,1,0.8308211984444633
71,1.0,1,0.8308211984444633
103,1.0,1,0.8308211984444633
708,1.0,1,0.8308211984444633
707,1.0,1,0.8308211984444633
704,1.0,1,0.8308211984444633
703,1.0,1,0.8308211984444633
702,0.0,1,0.7832021508254157
701,1.0,1,0.8308211984444633
700,1.0,1,0.8308211984444633
70,1.0,1,0.8308211984444633
7,1.0,1,0.8308211984444633
734,0.0,1,0.7832021508254157
732,1.0,1,0.8308211984444633
962,1.0,1,0.8308211984444633
730,0.0,1,0.7832021508254157
73,1.0,1,0.8308211984444633
96,0.0,1,0.7832021508254157
728,1.0,1,0.8308211984444633
727,0.0,1,0.7832021508254157
958,1.0,1,0.8308211984444633
725,0.0,1,0.7832021508254157
724,1.0,1,0.8308211984444633
723,1.0,1,0.8308211984444633
722,1.0,1,0.8308211984444633
957,1.0,1,0.8308211984444633
72,1.0,1,0.8308211984444633
718,1.0,1,0.8308211984444633
738,1.0,1,0.8308211984444633
955,1.0,1,0.8308211984444633
105,1.0,1,0.8308211984444633
230,1.0,1,0.8308211984444633
23,1.0,1,0.8308211984444633
1069,1.0,1,0.8308211984444633
224,1.0,1,0.8308211984444633
413,0.0,1,0.7832021508254157
222,1.0,1,0.8308211984444633
221,1.0,1,0.8308211984444633
412,1.0,1,0.8308211984444633
22,1.0,1,0.8308211984444633
219,0.0,1,0.7832021508254157
410,0.0,1,0.7832021508254157
41,1.0,1,0.8308211984444633
735,0.0,1,0.7832021508254157
756,1.0,1,0.8308211984444633
409,1.0,1,0.8308211984444633
754,1.0,1,0.8308211984444633
405,1.0,1,0.8308211984444633
401,1.0,1,0.8308211984444633
751,0.0,1,0.7832021508254157
750,1.0,1,0.8308211984444633
75,1.0,1,0.8308211984444633
748,1.0,1,0.8308211984444633
747,1.0,1,0.8308211984444633
746,1.0,1,0.8308211984444633
744,1.0,1,0.8308211984444633
743,0.0,1,0.7832021508254157
4,1.0,1,0.8308211984444633
740,1.0,1,0.8308211984444633
74,1.0,1,0.8308211984444633
772,1.0,1,0.8308211984444633
771,1.0,1,0.8308211984444633
399,0.0,1,0.7832021508254157
77,1.0,1,0.8308211984444633
769,1.0,1,0.8308211984444633
398,1.0,1,0.8308211984444633
393,1.0,1,0.8308211984444633
766,0.0,1,0.7832021508254157
765,0.0,1,0.7832021508254157
764,0.0,1,0.7832021508254157
373,1.0,1,0.8308211984444633
762,1.0,1,0.8308211984444633
36,1.0,1,0.8308211984444633
76,1.0,1,0.8308211984444633
759,0.0,1,0.7832021508254157
758,0.0,1,0.7832021508254157
790,1.0,1,0.8308211984444633
79,1.0,1,0.8308211984444633
789,1.0,1,0.8308211984444633
788,1.0,1,0.8308211984444633
787,1.0,1,0.8308211984444633
786,1.0,1,0.8308211984444633
785,1.0,1,0.8308211984444633
784,1.0,1,0.8308211984444633
783,1.0,1,0.8308211984444633
781,1.0,1,0.8308211984444633
78,1.0,1,0.8308211984444633
779,1.0,1,0.8308211984444633
778,1.0,1,0.8308211984444633
776,0.0,1,0.7832021508254157
775,1.0,1,0.8308211984444633
773,1.0,1,0.8308211984444633
359,1.0,1,0.8308211984444633
358,1.0,1,0.8308211984444633
356,1.0,1,0.8308211984444633
355,1.0,1,0.8308211984444633
354,1.0,1,0.8308211984444633
353,1.0,1,0.8308211984444633
80,0.0,1,0.7832021508254157
799,1.0,1,0.8308211984444633
798,1.0,1,0.8308211984444633
797,0.0,1,0.7832021508254157
796,1.0,1,0.8308211984444633
795,1.0,1,0.8308211984444633
352,1.0,1,0.8308211984444633
793,1.0,1,0.8308211984444633
792,1.0,1,0.8308211984444633
791,1.0,1,0.8308211984444633
217,1.0,1,0.8308211984444633
216,1.0,1,0.8308211984444633
214,0.0,1,0.7832021508254157
351,1.0,1,0.8308211984444633
212,1.0,1,0.8308211984444633
211,1.0,1,0.8308211984444633
210,0.0,1,0.7832021508254157
21,1.0,1,0.8308211984444633
209,1.0,1,0.8308211984444633
208,1.0,1,0.8308211984444633
207,0.0,1,0.7832021508254157
206,1.0,1,0.8308211984444633
204,1.0,1,0.8308211984444633
349,1.0,1,0.8308211984444633
808,1.0,1,0.8308211984444633
415,1.0,1,0.8308211984444633
20,1.0,1,0.8308211984444633
2,1.0,1,0.8308211984444633
199,1.0,1,0.8308211984444633
414,0.0,1,0.7832021508254157
197,0.0,1,0.7832021508254157
195,1.0,1,0.8308211984444633
192,0.0,1,0.7832021508254157
438,0.0,1,0.7832021508254157
436,1.0,1,0.8308211984444633
814,0.0,1,0.7832021508254157
813,1.0,1,0.8308211984444633
812,0.0,1,0.7832021508254157
434,0.0,1,0.7832021508254157
810,1.0,1,0.8308211984444633
81,1.0,1,0.8308211984444633
218,0.0,1,0.7832021508254157
19,1.0,1,0.8308211984444633
432,0.0,1,0.7832021508254157
431,1.0,1,0.8308211984444633
186,1.0,1,0.8308211984444633
185,0.0,1,0.7832021508254157
430,1.0,1,0.8308211984444633
182,1.0,1,0.8308211984444633
43,1.0,1,0.8308211984444633
18,0.0,1,0.7832021508254157
179,0.0,1,0.7832021508254157
178,0.0,1,0.7832021508254157
83,1.0,1,0.8308211984444633
203,1.0,1,0.8308211984444633
429,0.0,1,0.7832021508254157
201,1.0,1,0.8308211984444633
428,1.0,1,0.8308211984444633
175,1.0,1,0.8308211984444633
174,0.0,1,0.7832021508254157
173,1.0,1,0.8308211984444633
171,1.0,1,0.8308211984444633
17,1.0,1,0.8308211984444633
427,1.0,1,0.8308211984444633
426,1.0,1,0.8308211984444633
425,1.0,1,0.8308211984444633
423,1.0,1,0.8308211984444633
421,0.0,1,0.7832021508254157
161,1.0,1,0.8308211984444633
852,0.0,1,0.7832021508254157
85,1.0,1,0.8308211984444633
849,1.0,1,0.8308211984444633
340,1.0,1,0.8308211984444633
84,1.0,1,0.8308211984444633
141,1.0,1,0.8308211984444633
140,1.0,1,0.8308211984444633
14,1.0,1,0.8308211984444633
138,1.0,1,0.8308211984444633
137,1.0,1,0.8308211984444633
86,1.0,1,0.8308211984444633
856,1.0,1,0.8308211984444633
160,1.0,1,0.8308211984444633
16,1.0,1,0.8308211984444633
159,1.0,1,0.8308211984444633
158,1.0,1,0.8308211984444633
34,1.0,1,0.8308211984444633
153,0.0,1,0.7832021508254157
151,1.0,1,0.8308211984444633
339,1.0,1,0.8308211984444633
338,1.0,1,0.8308211984444633
1199,1.0,1,0.8308211984444633
337,1.0,1,0.8308211984444633
1196,1.0,1,0.8308211984444633
449,1.0,1,0.8308211984444633
1194,1.0,1,0.8308211984444633
1191,1.0,1,0.8308211984444633
88,1.0,1,0.8308211984444633
87,0.0,1,0.7832021508254157
130,1.0,1,0.8308211984444633
13,1.0,1,0.8308211984444633
126,1.0,1,0.8308211984444633
448,1.0,1,0.8308211984444633
445,1.0,1,0.8308211984444633
443,1.0,1,0.8308211984444633
989,1.0,1,0.8308211984444633
143,1.0,1,0.8308211984444633
1179,1.0,1,0.8308211984444633
1178,1.0,1,0.8308211984444633
44,1.0,1,0.8308211984444633
1176,0.0,1,0.7832021508254157
1175,0.0,1,0.7832021508254157
465,1.0,1,0.8308211984444633
894,0.0,1,0.7832021508254157
464,1.0,1,0.8308211984444633
89,1.0,1,0.8308211984444633
459,1.0,1,0.8308211984444633
887,1.0,1,0.8308211984444633
458,1.0,1,0.8308211984444633
457,1.0,1,0.8308211984444633
1200,0.0,1,0.7832021508254157
120,1.0,1,0.8308211984444633
12,1.0,1,0.8308211984444633
1164,1.0,1,0.8308211984444633
1163,1.0,1,0.8308211984444633
1162,1.0,1,0.8308211984444633
1161,1.0,1,0.8308211984444633
1160,0.0,1,0.7832021508254157
91,0.0,1,0.7832021508254157
9,1.0,1,0.8308211984444633
1188,1.0,1,0.8308211984444633
454,1.0,1,0.8308211984444633
1186,1.0,1,0.8308211984444633
45,1.0,1,0.8308211984444633
181,1.0,1,0.8308211984444633
1183,1.0,1,0.8308211984444633
1182,1.0,1,0.8308211984444633
348,0.0,1,0.7832021508254157
118,0.0,1,0.7832021508254157
1152,1.0,1,0.8308211984444633
347,1.0,1,0.8308211984444633
924,1.0,1,0.8308211984444633
922,1.0,1,0.8308211984444633
92,1.0,1,0.8308211984444633
346,1.0,1,0.8308211984444633
345,1.0,1,0.8308211984444633
913,0.0,1,0.7832021508254157
344,1.0,1,0.8308211984444633
1172,1.0,1,0.8308211984444633
342,1.0,1,0.8308211984444633
1170,1.0,1,0.8308211984444633
1169,0.0,1,0.7832021508254157
1168,1.0,1,0.8308211984444633
1166,1.0,1,0.8308211984444633
485,1.0,1,0.8308211984444633
484,1.0,1,0.8308211984444633
483,1.0,1,0.8308211984444633
48,1.0,1,0.8308211984444633
925,1.0,1,0.8308211984444633
477,1.0,1,0.8308211984444633
1143,1.0,1,0.8308211984444633
114,0.0,1,0.7832021508254157
476,1.0,1,0.8308211984444633
1136,1.0,1,0.8308211984444633
1130,1.0,1,0.8308211984444633
475,1.0,1,0.8308211984444633
1158,0.0,1,0.7832021508254157
1157,1.0,1,0.8308211984444633
1156,1.0,1,0.8308211984444633
1155,1.0,1,0.8308211984444633
474,1.0,1,0.8308211984444633
108,1.0,1,0.8308211984444633
471,1.0,1,0.8308211984444633
953,1.0,1,0.8308211984444633
470,1.0,1,0.8308211984444633
95,0.0,1,0.7832021508254157
94,0.0,1,0.7832021508254157
110,0.0,1,0.7832021508254157
11,0.0,1,0.7832021508254157
47,1.0,1,0.8308211984444633
1113,1.0,1,0.8308211984444633
111,1.0,1,0.8308211984444633
1105,1.0,1,0.8308211984444633
113,1.0,1,0.8308211984444633
469,1.0,1,0.8308211984444633
1127,0.0,1,0.7832021508254157
468,1.0,1,0.8308211984444633
0,1.0,1,0.8308211984444633
10,1.0,1,0.8308211984444633
982,0.0,1,0.7832021508254157
98,1.0,1,0.8308211984444633
467,1.0,1,0.8308211984444633
466,1.0,1,0.8308211984444633
972,0.0,1,0.7832021508254157
97,1.0,1,0.8308211984444633
1029,1.0,1,0.8308211984444633
1023,0.0,1,0.7832021508254157
102,1.0,1,0.8308211984444633
329,1.0,1,0.8308211984444633
1017,1.0,1,0.8308211984444633
1043,1.0,1,0.8308211984444633
328,1.0,1,0.8308211984444633
325,1.0,1,0.8308211984444633
101,1.0,1,0.8308211984444633
371,0.0,1,0.7832021508254157
369,0.0,1,0.7832021508254157
367,1.0,1,0.8308211984444633
366,1.0,1,0.8308211984444633
324,1.0,1,0.8308211984444633
323,1.0,1,0.8308211984444633
321,1.0,1,0.8308211984444633
388,1.0,1,0.8308211984444633
387,1.0,1,0.8308211984444633
386,1.0,1,0.8308211984444633
32,1.0,1,0.8308211984444633
384,1.0,1,0.8308211984444633
379,1.0,1,0.8308211984444633
100,1.0,1,0.8308211984444633
987,1.0,1,0.8308211984444633
